,urls
0,https://secure.runescape.com/m=itemdb_rs/api/catalogue/items.json?category=0&alpha=%23&page=1
1,https://secure.runescape.com/m=itemdb_rs/api/catalogue/items.json?category=0&alpha=a&page=1
2,https://secure.runescape.com/m=itemdb_rs/api/catalogue/items.json?category=0&alpha=a&page=2
3,https://secure.runescape.com/m=itemdb_rs/api/catalogue/items.json?category=0&alpha=a&page=3
4,https://secure.runescape.com/m=itemdb_rs/api/catalogue/items.json?category=0&alpha=a&page=4
5,https://secure.runescape.com/m=itemdb_rs/api/catalogue/items.json?category=0&alpha=a&page=5
6,https://secure.runescape.com/m=itemdb_rs/api/catalogue/items.json?category=0&alpha=a&page=6
37,https://secure.runescape.com/m=itemdb_rs/api/catalogue/items.json?category=0&alpha=b&page=1
38,https://secure.runescape.com/m=itemdb_rs/api/catalogue/items.json?category=0&alpha=b&page=2
39,https://secure.runescape.com/m=itemdb_rs/api/catalogue/items.json?category=0&alpha=b&page=3
40,https://secure.runescape.com/m=itemdb_rs/api/catalogue/items.json?category=0&alpha=b&page=4
41,https://secure.runescape.com/m=itemdb_rs/api/catalogue/items.json?category=0&alpha=b&page=5
42,https://secure.runescape.com/m=itemdb_rs/api/catalogue/items.json?category=0&alpha=b&page=6
43,https://secure.runescape.com/m=itemdb_rs/api/catalogue/items.json?category=0&alpha=b&page=7
86,https://secure.runescape.com/m=itemdb_rs/api/catalogue/items.json?category=0&alpha=c&page=1
87,https://secure.runescape.com/m=itemdb_rs/api/catalogue/items.json?category=0&alpha=c&page=2
88,https://secure.runescape.com/m=itemdb_rs/api/catalogue/items.json?category=0&alpha=c&page=3
89,https://secure.runescape.com/m=itemdb_rs/api/catalogue/items.json?category=0&alpha=c&page=4
90,https://secure.runescape.com/m=itemdb_rs/api/catalogue/items.json?category=0&alpha=c&page=5
91,https://secure.runescape.com/m=itemdb_rs/api/catalogue/items.json?category=0&alpha=c&page=6
92,https://secure.runescape.com/m=itemdb_rs/api/catalogue/items.json?category=0&alpha=c&page=7
93,https://secure.runescape.com/m=itemdb_rs/api/catalogue/items.json?category=0&alpha=c&page=8
150,https://secure.runescape.com/m=itemdb_rs/api/catalogue/items.json?category=0&alpha=d&page=1
151,https://secure.runescape.com/m=itemdb_rs/api/catalogue/items.json?category=0&alpha=d&page=2
152,https://secure.runescape.com/m=itemdb_rs/api/catalogue/items.json?category=0&alpha=d&page=3
153,https://secure.runescape.com/m=itemdb_rs/api/catalogue/items.json?category=0&alpha=d&page=4
154,https://secure.runescape.com/m=itemdb_rs/api/catalogue/items.json?category=0&alpha=d&page=5
175,https://secure.runescape.com/m=itemdb_rs/api/catalogue/items.json?category=0&alpha=e&page=1
176,https://secure.runescape.com/m=itemdb_rs/api/catalogue/items.json?category=0&alpha=e&page=2
179,https://secure.runescape.com/m=itemdb_rs/api/catalogue/items.json?category=0&alpha=f&page=1
180,https://secure.runescape.com/m=itemdb_rs/api/catalogue/items.json?category=0&alpha=f&page=2
183,https://secure.runescape.com/m=itemdb_rs/api/catalogue/items.json?category=0&alpha=g&page=1
184,https://secure.runescape.com/m=itemdb_rs/api/catalogue/items.json?category=0&alpha=g&page=2
185,https://secure.runescape.com/m=itemdb_rs/api/catalogue/items.json?category=0&alpha=g&page=3
186,https://secure.runescape.com/m=itemdb_rs/api/catalogue/items.json?category=0&alpha=g&page=4
199,https://secure.runescape.com/m=itemdb_rs/api/catalogue/items.json?category=0&alpha=h&page=1
200,https://secure.runescape.com/m=itemdb_rs/api/catalogue/items.json?category=0&alpha=h&page=2
203,https://secure.runescape.com/m=itemdb_rs/api/catalogue/items.json?category=0&alpha=i&page=1
204,https://secure.runescape.com/m=itemdb_rs/api/catalogue/items.json?category=0&alpha=i&page=2
207,https://secure.runescape.com/m=itemdb_rs/api/catalogue/items.json?category=0&alpha=j&page=1
208,https://secure.runescape.com/m=itemdb_rs/api/catalogue/items.json?category=0&alpha=k&page=1
209,https://secure.runescape.com/m=itemdb_rs/api/catalogue/items.json?category=0&alpha=l&page=1
210,https://secure.runescape.com/m=itemdb_rs/api/catalogue/items.json?category=0&alpha=l&page=2
213,https://secure.runescape.com/m=itemdb_rs/api/catalogue/items.json?category=0&alpha=m&page=1
214,https://secure.runescape.com/m=itemdb_rs/api/catalogue/items.json?category=0&alpha=m&page=2
215,https://secure.runescape.com/m=itemdb_rs/api/catalogue/items.json?category=0&alpha=m&page=3
216,https://secure.runescape.com/m=itemdb_rs/api/catalogue/items.json?category=0&alpha=m&page=4
229,https://secure.runescape.com/m=itemdb_rs/api/catalogue/items.json?category=0&alpha=n&page=1
230,https://secure.runescape.com/m=itemdb_rs/api/catalogue/items.json?category=0&alpha=o&page=1
231,https://secure.runescape.com/m=itemdb_rs/api/catalogue/items.json?category=0&alpha=o&page=2
232,https://secure.runescape.com/m=itemdb_rs/api/catalogue/items.json?category=0&alpha=o&page=3
239,https://secure.runescape.com/m=itemdb_rs/api/catalogue/items.json?category=0&alpha=p&page=1
240,https://secure.runescape.com/m=itemdb_rs/api/catalogue/items.json?category=0&alpha=p&page=2
241,https://secure.runescape.com/m=itemdb_rs/api/catalogue/items.json?category=0&alpha=p&page=3
242,https://secure.runescape.com/m=itemdb_rs/api/catalogue/items.json?category=0&alpha=p&page=4
243,https://secure.runescape.com/m=itemdb_rs/api/catalogue/items.json?category=0&alpha=p&page=5
244,https://secure.runescape.com/m=itemdb_rs/api/catalogue/items.json?category=0&alpha=p&page=6
245,https://secure.runescape.com/m=itemdb_rs/api/catalogue/items.json?category=0&alpha=p&page=7
246,https://secure.runescape.com/m=itemdb_rs/api/catalogue/items.json?category=0&alpha=p&page=8
303,https://secure.runescape.com/m=itemdb_rs/api/catalogue/items.json?category=0&alpha=r&page=1
304,https://secure.runescape.com/m=itemdb_rs/api/catalogue/items.json?category=0&alpha=r&page=2
305,https://secure.runescape.com/m=itemdb_rs/api/catalogue/items.json?category=0&alpha=r&page=3
306,https://secure.runescape.com/m=itemdb_rs/api/catalogue/items.json?category=0&alpha=r&page=4
319,https://secure.runescape.com/m=itemdb_rs/api/catalogue/items.json?category=0&alpha=s&page=1
320,https://secure.runescape.com/m=itemdb_rs/api/catalogue/items.json?category=0&alpha=s&page=2
321,https://secure.runescape.com/m=itemdb_rs/api/catalogue/items.json?category=0&alpha=s&page=3
322,https://secure.runescape.com/m=itemdb_rs/api/catalogue/items.json?category=0&alpha=s&page=4
323,https://secure.runescape.com/m=itemdb_rs/api/catalogue/items.json?category=0&alpha=s&page=5
324,https://secure.runescape.com/m=itemdb_rs/api/catalogue/items.json?category=0&alpha=s&page=6
325,https://secure.runescape.com/m=itemdb_rs/api/catalogue/items.json?category=0&alpha=s&page=7
326,https://secure.runescape.com/m=itemdb_rs/api/catalogue/items.json?category=0&alpha=s&page=8
327,https://secure.runescape.com/m=itemdb_rs/api/catalogue/items.json?category=0&alpha=s&page=9
328,https://secure.runescape.com/m=itemdb_rs/api/catalogue/items.json?category=0&alpha=s&page=10
419,https://secure.runescape.com/m=itemdb_rs/api/catalogue/items.json?category=0&alpha=t&page=1
420,https://secure.runescape.com/m=itemdb_rs/api/catalogue/items.json?category=0&alpha=t&page=2
421,https://secure.runescape.com/m=itemdb_rs/api/catalogue/items.json?category=0&alpha=t&page=3
428,https://secure.runescape.com/m=itemdb_rs/api/catalogue/items.json?category=0&alpha=u&page=1
429,https://secure.runescape.com/m=itemdb_rs/api/catalogue/items.json?category=0&alpha=v&page=1
430,https://secure.runescape.com/m=itemdb_rs/api/catalogue/items.json?category=0&alpha=v&page=2
433,https://secure.runescape.com/m=itemdb_rs/api/catalogue/items.json?category=0&alpha=w&page=1
434,https://secure.runescape.com/m=itemdb_rs/api/catalogue/items.json?category=0&alpha=w&page=2
437,https://secure.runescape.com/m=itemdb_rs/api/catalogue/items.json?category=0&alpha=x&page=1
438,https://secure.runescape.com/m=itemdb_rs/api/catalogue/items.json?category=0&alpha=y&page=1
439,https://secure.runescape.com/m=itemdb_rs/api/catalogue/items.json?category=0&alpha=z&page=1
440,https://secure.runescape.com/m=itemdb_rs/api/catalogue/items.json?category=1&alpha=a&page=1
441,https://secure.runescape.com/m=itemdb_rs/api/catalogue/items.json?category=1&alpha=b&page=1
442,https://secure.runescape.com/m=itemdb_rs/api/catalogue/items.json?category=1&alpha=c&page=1
443,https://secure.runescape.com/m=itemdb_rs/api/catalogue/items.json?category=1&alpha=d&page=1
444,https://secure.runescape.com/m=itemdb_rs/api/catalogue/items.json?category=1&alpha=g&page=1
445,https://secure.runescape.com/m=itemdb_rs/api/catalogue/items.json?category=1&alpha=h&page=1
446,https://secure.runescape.com/m=itemdb_rs/api/catalogue/items.json?category=1&alpha=i&page=1
447,https://secure.runescape.com/m=itemdb_rs/api/catalogue/items.json?category=1&alpha=k&page=1
448,https://secure.runescape.com/m=itemdb_rs/api/catalogue/items.json?category=1&alpha=l&page=1
449,https://secure.runescape.com/m=itemdb_rs/api/catalogue/items.json?category=1&alpha=m&page=1
450,https://secure.runescape.com/m=itemdb_rs/api/catalogue/items.json?category=1&alpha=o&page=1
451,https://secure.runescape.com/m=itemdb_rs/api/catalogue/items.json?category=1&alpha=o&page=2
452,https://secure.runescape.com/m=itemdb_rs/api/catalogue/items.json?category=1&alpha=o&page=3
459,https://secure.runescape.com/m=itemdb_rs/api/catalogue/items.json?category=1&alpha=r&page=1
460,https://secure.runescape.com/m=itemdb_rs/api/catalogue/items.json?category=1&alpha=s&page=1
461,https://secure.runescape.com/m=itemdb_rs/api/catalogue/items.json?category=1&alpha=t&page=1
462,https://secure.runescape.com/m=itemdb_rs/api/catalogue/items.json?category=1&alpha=v&page=1
463,https://secure.runescape.com/m=itemdb_rs/api/catalogue/items.json?category=1&alpha=w&page=1
464,https://secure.runescape.com/m=itemdb_rs/api/catalogue/items.json?category=2&alpha=a&page=1
465,https://secure.runescape.com/m=itemdb_rs/api/catalogue/items.json?category=2&alpha=b&page=1
466,https://secure.runescape.com/m=itemdb_rs/api/catalogue/items.json?category=2&alpha=d&page=1
467,https://secure.runescape.com/m=itemdb_rs/api/catalogue/items.json?category=2&alpha=g&page=1
468,https://secure.runescape.com/m=itemdb_rs/api/catalogue/items.json?category=2&alpha=i&page=1
469,https://secure.runescape.com/m=itemdb_rs/api/catalogue/items.json?category=2&alpha=l&page=1
470,https://secure.runescape.com/m=itemdb_rs/api/catalogue/items.json?category=2&alpha=m&page=1
471,https://secure.runescape.com/m=itemdb_rs/api/catalogue/items.json?category=2&alpha=r&page=1
472,https://secure.runescape.com/m=itemdb_rs/api/catalogue/items.json?category=2&alpha=s&page=1
473,https://secure.runescape.com/m=itemdb_rs/api/catalogue/items.json?category=2&alpha=u&page=1
474,https://secure.runescape.com/m=itemdb_rs/api/catalogue/items.json?category=2&alpha=w&page=1
475,https://secure.runescape.com/m=itemdb_rs/api/catalogue/items.json?category=2&alpha=z&page=1
476,https://secure.runescape.com/m=itemdb_rs/api/catalogue/items.json?category=3&alpha=a&page=1
477,https://secure.runescape.com/m=itemdb_rs/api/catalogue/items.json?category=3&alpha=b&page=1
478,https://secure.runescape.com/m=itemdb_rs/api/catalogue/items.json?category=3&alpha=d&page=1
479,https://secure.runescape.com/m=itemdb_rs/api/catalogue/items.json?category=3&alpha=e&page=1
480,https://secure.runescape.com/m=itemdb_rs/api/catalogue/items.json?category=3&alpha=h&page=1
481,https://secure.runescape.com/m=itemdb_rs/api/catalogue/items.json?category=3&alpha=i&page=1
482,https://secure.runescape.com/m=itemdb_rs/api/catalogue/items.json?category=3&alpha=j&page=1
483,https://secure.runescape.com/m=itemdb_rs/api/catalogue/items.json?category=3&alpha=m&page=1
484,https://secure.runescape.com/m=itemdb_rs/api/catalogue/items.json?category=3&alpha=o&page=1
485,https://secure.runescape.com/m=itemdb_rs/api/catalogue/items.json?category=3&alpha=p&page=1
486,https://secure.runescape.com/m=itemdb_rs/api/catalogue/items.json?category=3&alpha=r&page=1
487,https://secure.runescape.com/m=itemdb_rs/api/catalogue/items.json?category=3&alpha=s&page=1
488,https://secure.runescape.com/m=itemdb_rs/api/catalogue/items.json?category=3&alpha=t&page=1
489,https://secure.runescape.com/m=itemdb_rs/api/catalogue/items.json?category=4&alpha=a&page=1
490,https://secure.runescape.com/m=itemdb_rs/api/catalogue/items.json?category=4&alpha=b&page=1
491,https://secure.runescape.com/m=itemdb_rs/api/catalogue/items.json?category=4&alpha=g&page=1
492,https://secure.runescape.com/m=itemdb_rs/api/catalogue/items.json?category=4&alpha=i&page=1
493,https://secure.runescape.com/m=itemdb_rs/api/catalogue/items.json?category=4&alpha=m&page=1
494,https://secure.runescape.com/m=itemdb_rs/api/catalogue/items.json?category=4&alpha=o&page=1
495,https://secure.runescape.com/m=itemdb_rs/api/catalogue/items.json?category=4&alpha=p&page=1
496,https://secure.runescape.com/m=itemdb_rs/api/catalogue/items.json?category=4&alpha=r&page=1
497,https://secure.runescape.com/m=itemdb_rs/api/catalogue/items.json?category=4&alpha=s&page=1
498,https://secure.runescape.com/m=itemdb_rs/api/catalogue/items.json?category=4&alpha=t&page=1
499,https://secure.runescape.com/m=itemdb_rs/api/catalogue/items.json?category=5&alpha=%23&page=1
500,https://secure.runescape.com/m=itemdb_rs/api/catalogue/items.json?category=5&alpha=a&page=1
501,https://secure.runescape.com/m=itemdb_rs/api/catalogue/items.json?category=5&alpha=b&page=1
502,https://secure.runescape.com/m=itemdb_rs/api/catalogue/items.json?category=5&alpha=c&page=1
503,https://secure.runescape.com/m=itemdb_rs/api/catalogue/items.json?category=5&alpha=d&page=1
504,https://secure.runescape.com/m=itemdb_rs/api/catalogue/items.json?category=5&alpha=f&page=1
505,https://secure.runescape.com/m=itemdb_rs/api/catalogue/items.json?category=5&alpha=g&page=1
506,https://secure.runescape.com/m=itemdb_rs/api/catalogue/items.json?category=5&alpha=l&page=1
507,https://secure.runescape.com/m=itemdb_rs/api/catalogue/items.json?category=5&alpha=m&page=1
508,https://secure.runescape.com/m=itemdb_rs/api/catalogue/items.json?category=5&alpha=m&page=2
511,https://secure.runescape.com/m=itemdb_rs/api/catalogue/items.json?category=5&alpha=o&page=1
512,https://secure.runescape.com/m=itemdb_rs/api/catalogue/items.json?category=5&alpha=o&page=2
515,https://secure.runescape.com/m=itemdb_rs/api/catalogue/items.json?category=5&alpha=r&page=1
516,https://secure.runescape.com/m=itemdb_rs/api/catalogue/items.json?category=5&alpha=s&page=1
517,https://secure.runescape.com/m=itemdb_rs/api/catalogue/items.json?category=5&alpha=t&page=1
518,https://secure.runescape.com/m=itemdb_rs/api/catalogue/items.json?category=5&alpha=t&page=2
521,https://secure.runescape.com/m=itemdb_rs/api/catalogue/items.json?category=5&alpha=w&page=1
522,https://secure.runescape.com/m=itemdb_rs/api/catalogue/items.json?category=6&alpha=a&page=1
523,https://secure.runescape.com/m=itemdb_rs/api/catalogue/items.json?category=6&alpha=b&page=1
524,https://secure.runescape.com/m=itemdb_rs/api/catalogue/items.json?category=6&alpha=c&page=1
525,https://secure.runescape.com/m=itemdb_rs/api/catalogue/items.json?category=6&alpha=d&page=1
526,https://secure.runescape.com/m=itemdb_rs/api/catalogue/items.json?category=6&alpha=e&page=1
527,https://secure.runescape.com/m=itemdb_rs/api/catalogue/items.json?category=6&alpha=f&page=1
528,https://secure.runescape.com/m=itemdb_rs/api/catalogue/items.json?category=6&alpha=g&page=1
529,https://secure.runescape.com/m=itemdb_rs/api/catalogue/items.json?category=6&alpha=h&page=1
530,https://secure.runescape.com/m=itemdb_rs/api/catalogue/items.json?category=6&alpha=i&page=1
531,https://secure.runescape.com/m=itemdb_rs/api/catalogue/items.json?category=6&alpha=k&page=1
532,https://secure.runescape.com/m=itemdb_rs/api/catalogue/items.json?category=6&alpha=l&page=1
533,https://secure.runescape.com/m=itemdb_rs/api/catalogue/items.json?category=6&alpha=o&page=1
534,https://secure.runescape.com/m=itemdb_rs/api/catalogue/items.json?category=6&alpha=p&page=1
535,https://secure.runescape.com/m=itemdb_rs/api/catalogue/items.json?category=6&alpha=p&page=2
538,https://secure.runescape.com/m=itemdb_rs/api/catalogue/items.json?category=6&alpha=r&page=1
539,https://secure.runescape.com/m=itemdb_rs/api/catalogue/items.json?category=6&alpha=r&page=2
540,https://secure.runescape.com/m=itemdb_rs/api/catalogue/items.json?category=6&alpha=r&page=3
541,https://secure.runescape.com/m=itemdb_rs/api/catalogue/items.json?category=6&alpha=r&page=4
542,https://secure.runescape.com/m=itemdb_rs/api/catalogue/items.json?category=6&alpha=r&page=5
543,https://secure.runescape.com/m=itemdb_rs/api/catalogue/items.json?category=6&alpha=r&page=6
574,https://secure.runescape.com/m=itemdb_rs/api/catalogue/items.json?category=6&alpha=s&page=1
575,https://secure.runescape.com/m=itemdb_rs/api/catalogue/items.json?category=6&alpha=t&page=1
576,https://secure.runescape.com/m=itemdb_rs/api/catalogue/items.json?category=6&alpha=u&page=1
577,https://secure.runescape.com/m=itemdb_rs/api/catalogue/items.json?category=6&alpha=v&page=1
578,https://secure.runescape.com/m=itemdb_rs/api/catalogue/items.json?category=6&alpha=w&page=1
579,https://secure.runescape.com/m=itemdb_rs/api/catalogue/items.json?category=6&alpha=y&page=1
580,https://secure.runescape.com/m=itemdb_rs/api/catalogue/items.json?category=7&alpha=a&page=1
581,https://secure.runescape.com/m=itemdb_rs/api/catalogue/items.json?category=7&alpha=b&page=1
582,https://secure.runescape.com/m=itemdb_rs/api/catalogue/items.json?category=7&alpha=b&page=2
583,https://secure.runescape.com/m=itemdb_rs/api/catalogue/items.json?category=7&alpha=b&page=3
584,https://secure.runescape.com/m=itemdb_rs/api/catalogue/items.json?category=7&alpha=b&page=4
597,https://secure.runescape.com/m=itemdb_rs/api/catalogue/items.json?category=7&alpha=c&page=1
598,https://secure.runescape.com/m=itemdb_rs/api/catalogue/items.json?category=7&alpha=c&page=2
601,https://secure.runescape.com/m=itemdb_rs/api/catalogue/items.json?category=7&alpha=d&page=1
602,https://secure.runescape.com/m=itemdb_rs/api/catalogue/items.json?category=7&alpha=d&page=2
605,https://secure.runescape.com/m=itemdb_rs/api/catalogue/items.json?category=7&alpha=e&page=1
606,https://secure.runescape.com/m=itemdb_rs/api/catalogue/items.json?category=7&alpha=f&page=1
607,https://secure.runescape.com/m=itemdb_rs/api/catalogue/items.json?category=7&alpha=f&page=2
608,https://secure.runescape.com/m=itemdb_rs/api/catalogue/items.json?category=7&alpha=f&page=3
615,https://secure.runescape.com/m=itemdb_rs/api/catalogue/items.json?category=7&alpha=g&page=1
616,https://secure.runescape.com/m=itemdb_rs/api/catalogue/items.json?category=7&alpha=g&page=2
619,https://secure.runescape.com/m=itemdb_rs/api/catalogue/items.json?category=7&alpha=h&page=1
620,https://secure.runescape.com/m=itemdb_rs/api/catalogue/items.json?category=7&alpha=h&page=2
623,https://secure.runescape.com/m=itemdb_rs/api/catalogue/items.json?category=7&alpha=i&page=1
624,https://secure.runescape.com/m=itemdb_rs/api/catalogue/items.json?category=7&alpha=l&page=1
625,https://secure.runescape.com/m=itemdb_rs/api/catalogue/items.json?category=7&alpha=m&page=1
626,https://secure.runescape.com/m=itemdb_rs/api/catalogue/items.json?category=7&alpha=o&page=1
627,https://secure.runescape.com/m=itemdb_rs/api/catalogue/items.json?category=7&alpha=p&page=1
628,https://secure.runescape.com/m=itemdb_rs/api/catalogue/items.json?category=7&alpha=p&page=2
629,https://secure.runescape.com/m=itemdb_rs/api/catalogue/items.json?category=7&alpha=p&page=3
630,https://secure.runescape.com/m=itemdb_rs/api/catalogue/items.json?category=7&alpha=p&page=4
643,https://secure.runescape.com/m=itemdb_rs/api/catalogue/items.json?category=7&alpha=r&page=1
644,https://secure.runescape.com/m=itemdb_rs/api/catalogue/items.json?category=7&alpha=r&page=2
645,https://secure.runescape.com/m=itemdb_rs/api/catalogue/items.json?category=7&alpha=r&page=3
652,https://secure.runescape.com/m=itemdb_rs/api/catalogue/items.json?category=7&alpha=s&page=1
653,https://secure.runescape.com/m=itemdb_rs/api/catalogue/items.json?category=7&alpha=s&page=2
656,https://secure.runescape.com/m=itemdb_rs/api/catalogue/items.json?category=7&alpha=t&page=1
657,https://secure.runescape.com/m=itemdb_rs/api/catalogue/items.json?category=7&alpha=t&page=2
658,https://secure.runescape.com/m=itemdb_rs/api/catalogue/items.json?category=7&alpha=t&page=3
659,https://secure.runescape.com/m=itemdb_rs/api/catalogue/items.json?category=7&alpha=t&page=4
660,https://secure.runescape.com/m=itemdb_rs/api/catalogue/items.json?category=7&alpha=t&page=5
661,https://secure.runescape.com/m=itemdb_rs/api/catalogue/items.json?category=7&alpha=t&page=6
692,https://secure.runescape.com/m=itemdb_rs/api/catalogue/items.json?category=7&alpha=v&page=1
693,https://secure.runescape.com/m=itemdb_rs/api/catalogue/items.json?category=7&alpha=v&page=2
696,https://secure.runescape.com/m=itemdb_rs/api/catalogue/items.json?category=7&alpha=w&page=1
697,https://secure.runescape.com/m=itemdb_rs/api/catalogue/items.json?category=7&alpha=y&page=1
698,https://secure.runescape.com/m=itemdb_rs/api/catalogue/items.json?category=8&alpha=a&page=1
699,https://secure.runescape.com/m=itemdb_rs/api/catalogue/items.json?category=8&alpha=b&page=1
700,https://secure.runescape.com/m=itemdb_rs/api/catalogue/items.json?category=8&alpha=b&page=2
703,https://secure.runescape.com/m=itemdb_rs/api/catalogue/items.json?category=8&alpha=c&page=1
704,https://secure.runescape.com/m=itemdb_rs/api/catalogue/items.json?category=8&alpha=d&page=1
705,https://secure.runescape.com/m=itemdb_rs/api/catalogue/items.json?category=8&alpha=e&page=1
706,https://secure.runescape.com/m=itemdb_rs/api/catalogue/items.json?category=8&alpha=f&page=1
707,https://secure.runescape.com/m=itemdb_rs/api/catalogue/items.json?category=8&alpha=g&page=1
708,https://secure.runescape.com/m=itemdb_rs/api/catalogue/items.json?category=8&alpha=h&page=1
709,https://secure.runescape.com/m=itemdb_rs/api/catalogue/items.json?category=8&alpha=i&page=1
710,https://secure.runescape.com/m=itemdb_rs/api/catalogue/items.json?category=8&alpha=j&page=1
711,https://secure.runescape.com/m=itemdb_rs/api/catalogue/items.json?category=8&alpha=l&page=1
712,https://secure.runescape.com/m=itemdb_rs/api/catalogue/items.json?category=8&alpha=m&page=1
713,https://secure.runescape.com/m=itemdb_rs/api/catalogue/items.json?category=8&alpha=o&page=1
714,https://secure.runescape.com/m=itemdb_rs/api/catalogue/items.json?category=8&alpha=p&page=1
715,https://secure.runescape.com/m=itemdb_rs/api/catalogue/items.json?category=8&alpha=r&page=1
716,https://secure.runescape.com/m=itemdb_rs/api/catalogue/items.json?category=8&alpha=s&page=1
717,https://secure.runescape.com/m=itemdb_rs/api/catalogue/items.json?category=8&alpha=s&page=2
720,https://secure.runescape.com/m=itemdb_rs/api/catalogue/items.json?category=8&alpha=u&page=1
721,https://secure.runescape.com/m=itemdb_rs/api/catalogue/items.json?category=8&alpha=u&page=2
724,https://secure.runescape.com/m=itemdb_rs/api/catalogue/items.json?category=8&alpha=w&page=1
725,https://secure.runescape.com/m=itemdb_rs/api/catalogue/items.json?category=8&alpha=y&page=1
726,https://secure.runescape.com/m=itemdb_rs/api/catalogue/items.json?category=8&alpha=z&page=1
727,https://secure.runescape.com/m=itemdb_rs/api/catalogue/items.json?category=9&alpha=a&page=1
728,https://secure.runescape.com/m=itemdb_rs/api/catalogue/items.json?category=9&alpha=b&page=1
729,https://secure.runescape.com/m=itemdb_rs/api/catalogue/items.json?category=9&alpha=b&page=2
732,https://secure.runescape.com/m=itemdb_rs/api/catalogue/items.json?category=9&alpha=c&page=1
733,https://secure.runescape.com/m=itemdb_rs/api/catalogue/items.json?category=9&alpha=d&page=1
734,https://secure.runescape.com/m=itemdb_rs/api/catalogue/items.json?category=9&alpha=e&page=1
735,https://secure.runescape.com/m=itemdb_rs/api/catalogue/items.json?category=9&alpha=f&page=1
736,https://secure.runescape.com/m=itemdb_rs/api/catalogue/items.json?category=9&alpha=g&page=1
737,https://secure.runescape.com/m=itemdb_rs/api/catalogue/items.json?category=9&alpha=h&page=1
738,https://secure.runescape.com/m=itemdb_rs/api/catalogue/items.json?category=9&alpha=i&page=1
739,https://secure.runescape.com/m=itemdb_rs/api/catalogue/items.json?category=9&alpha=k&page=1
740,https://secure.runescape.com/m=itemdb_rs/api/catalogue/items.json?category=9&alpha=l&page=1
741,https://secure.runescape.com/m=itemdb_rs/api/catalogue/items.json?category=9&alpha=m&page=1
742,https://secure.runescape.com/m=itemdb_rs/api/catalogue/items.json?category=9&alpha=n&page=1
743,https://secure.runescape.com/m=itemdb_rs/api/catalogue/items.json?category=9&alpha=o&page=1
744,https://secure.runescape.com/m=itemdb_rs/api/catalogue/items.json?category=9&alpha=p&page=1
745,https://secure.runescape.com/m=itemdb_rs/api/catalogue/items.json?category=9&alpha=r&page=1
746,https://secure.runescape.com/m=itemdb_rs/api/catalogue/items.json?category=9&alpha=s&page=1
747,https://secure.runescape.com/m=itemdb_rs/api/catalogue/items.json?category=9&alpha=s&page=2
748,https://secure.runescape.com/m=itemdb_rs/api/catalogue/items.json?category=9&alpha=s&page=3
755,https://secure.runescape.com/m=itemdb_rs/api/catalogue/items.json?category=9&alpha=t&page=1
756,https://secure.runescape.com/m=itemdb_rs/api/catalogue/items.json?category=9&alpha=u&page=1
757,https://secure.runescape.com/m=itemdb_rs/api/catalogue/items.json?category=9&alpha=v&page=1
758,https://secure.runescape.com/m=itemdb_rs/api/catalogue/items.json?category=9&alpha=w&page=1
759,https://secure.runescape.com/m=itemdb_rs/api/catalogue/items.json?category=10&alpha=%23&page=1
760,https://secure.runescape.com/m=itemdb_rs/api/catalogue/items.json?category=10&alpha=c&page=1
761,https://secure.runescape.com/m=itemdb_rs/api/catalogue/items.json?category=10&alpha=e&page=1
762,https://secure.runescape.com/m=itemdb_rs/api/catalogue/items.json?category=10&alpha=j&page=1
763,https://secure.runescape.com/m=itemdb_rs/api/catalogue/items.json?category=10&alpha=l&page=1
764,https://secure.runescape.com/m=itemdb_rs/api/catalogue/items.json?category=10&alpha=m&page=1
765,https://secure.runescape.com/m=itemdb_rs/api/catalogue/items.json?category=10&alpha=n&page=1
766,https://secure.runescape.com/m=itemdb_rs/api/catalogue/items.json?category=10&alpha=o&page=1
767,https://secure.runescape.com/m=itemdb_rs/api/catalogue/items.json?category=10&alpha=r&page=1
768,https://secure.runescape.com/m=itemdb_rs/api/catalogue/items.json?category=10&alpha=w&page=1
769,https://secure.runescape.com/m=itemdb_rs/api/catalogue/items.json?category=10&alpha=y&page=1
770,https://secure.runescape.com/m=itemdb_rs/api/catalogue/items.json?category=11&alpha=a&page=1
771,https://secure.runescape.com/m=itemdb_rs/api/catalogue/items.json?category=11&alpha=b&page=1
772,https://secure.runescape.com/m=itemdb_rs/api/catalogue/items.json?category=11&alpha=c&page=1
773,https://secure.runescape.com/m=itemdb_rs/api/catalogue/items.json?category=11&alpha=d&page=1
774,https://secure.runescape.com/m=itemdb_rs/api/catalogue/items.json?category=11&alpha=e&page=1
775,https://secure.runescape.com/m=itemdb_rs/api/catalogue/items.json?category=11&alpha=f&page=1
776,https://secure.runescape.com/m=itemdb_rs/api/catalogue/items.json?category=11&alpha=h&page=1
777,https://secure.runescape.com/m=itemdb_rs/api/catalogue/items.json?category=11&alpha=i&page=1
778,https://secure.runescape.com/m=itemdb_rs/api/catalogue/items.json?category=11&alpha=j&page=1
779,https://secure.runescape.com/m=itemdb_rs/api/catalogue/items.json?category=11&alpha=m&page=1
780,https://secure.runescape.com/m=itemdb_rs/api/catalogue/items.json?category=11&alpha=m&page=2
783,https://secure.runescape.com/m=itemdb_rs/api/catalogue/items.json?category=11&alpha=o&page=1
784,https://secure.runescape.com/m=itemdb_rs/api/catalogue/items.json?category=11&alpha=p&page=1
785,https://secure.runescape.com/m=itemdb_rs/api/catalogue/items.json?category=11&alpha=r&page=1
786,https://secure.runescape.com/m=itemdb_rs/api/catalogue/items.json?category=11&alpha=s&page=1
787,https://secure.runescape.com/m=itemdb_rs/api/catalogue/items.json?category=11&alpha=t&page=1
788,https://secure.runescape.com/m=itemdb_rs/api/catalogue/items.json?category=11&alpha=u&page=1
789,https://secure.runescape.com/m=itemdb_rs/api/catalogue/items.json?category=11&alpha=w&page=1
790,https://secure.runescape.com/m=itemdb_rs/api/catalogue/items.json?category=11&alpha=y&page=1
791,https://secure.runescape.com/m=itemdb_rs/api/catalogue/items.json?category=12&alpha=%23&page=1
792,https://secure.runescape.com/m=itemdb_rs/api/catalogue/items.json?category=12&alpha=a&page=1
793,https://secure.runescape.com/m=itemdb_rs/api/catalogue/items.json?category=12&alpha=a&page=2
794,https://secure.runescape.com/m=itemdb_rs/api/catalogue/items.json?category=12&alpha=a&page=3
801,https://secure.runescape.com/m=itemdb_rs/api/catalogue/items.json?category=12&alpha=b&page=1
802,https://secure.runescape.com/m=itemdb_rs/api/catalogue/items.json?category=12&alpha=b&page=2
805,https://secure.runescape.com/m=itemdb_rs/api/catalogue/items.json?category=12&alpha=c&page=1
806,https://secure.runescape.com/m=itemdb_rs/api/catalogue/items.json?category=12&alpha=c&page=2
807,https://secure.runescape.com/m=itemdb_rs/api/catalogue/items.json?category=12&alpha=c&page=3
808,https://secure.runescape.com/m=itemdb_rs/api/catalogue/items.json?category=12&alpha=c&page=4
809,https://secure.runescape.com/m=itemdb_rs/api/catalogue/items.json?category=12&alpha=c&page=5
830,https://secure.runescape.com/m=itemdb_rs/api/catalogue/items.json?category=12&alpha=d&page=1
831,https://secure.runescape.com/m=itemdb_rs/api/catalogue/items.json?category=12&alpha=d&page=2
834,https://secure.runescape.com/m=itemdb_rs/api/catalogue/items.json?category=12&alpha=e&page=1
835,https://secure.runescape.com/m=itemdb_rs/api/catalogue/items.json?category=12&alpha=f&page=1
836,https://secure.runescape.com/m=itemdb_rs/api/catalogue/items.json?category=12&alpha=g&page=1
837,https://secure.runescape.com/m=itemdb_rs/api/catalogue/items.json?category=12&alpha=g&page=2
840,https://secure.runescape.com/m=itemdb_rs/api/catalogue/items.json?category=12&alpha=h&page=1
841,https://secure.runescape.com/m=itemdb_rs/api/catalogue/items.json?category=12&alpha=h&page=2
844,https://secure.runescape.com/m=itemdb_rs/api/catalogue/items.json?category=12&alpha=j&page=1
845,https://secure.runescape.com/m=itemdb_rs/api/catalogue/items.json?category=12&alpha=k&page=1
846,https://secure.runescape.com/m=itemdb_rs/api/catalogue/items.json?category=12&alpha=l&page=1
847,https://secure.runescape.com/m=itemdb_rs/api/catalogue/items.json?category=12&alpha=m&page=1
848,https://secure.runescape.com/m=itemdb_rs/api/catalogue/items.json?category=12&alpha=m&page=2
849,https://secure.runescape.com/m=itemdb_rs/api/catalogue/items.json?category=12&alpha=m&page=3
856,https://secure.runescape.com/m=itemdb_rs/api/catalogue/items.json?category=12&alpha=o&page=1
857,https://secure.runescape.com/m=itemdb_rs/api/catalogue/items.json?category=12&alpha=p&page=1
858,https://secure.runescape.com/m=itemdb_rs/api/catalogue/items.json?category=12&alpha=p&page=2
859,https://secure.runescape.com/m=itemdb_rs/api/catalogue/items.json?category=12&alpha=p&page=3
860,https://secure.runescape.com/m=itemdb_rs/api/catalogue/items.json?category=12&alpha=p&page=4
861,https://secure.runescape.com/m=itemdb_rs/api/catalogue/items.json?category=12&alpha=p&page=5
882,https://secure.runescape.com/m=itemdb_rs/api/catalogue/items.json?category=12&alpha=r&page=1
883,https://secure.runescape.com/m=itemdb_rs/api/catalogue/items.json?category=12&alpha=s&page=1
884,https://secure.runescape.com/m=itemdb_rs/api/catalogue/items.json?category=12&alpha=s&page=2
885,https://secure.runescape.com/m=itemdb_rs/api/catalogue/items.json?category=12&alpha=s&page=3
886,https://secure.runescape.com/m=itemdb_rs/api/catalogue/items.json?category=12&alpha=s&page=4
899,https://secure.runescape.com/m=itemdb_rs/api/catalogue/items.json?category=12&alpha=t&page=1
900,https://secure.runescape.com/m=itemdb_rs/api/catalogue/items.json?category=12&alpha=u&page=1
901,https://secure.runescape.com/m=itemdb_rs/api/catalogue/items.json?category=12&alpha=v&page=1
902,https://secure.runescape.com/m=itemdb_rs/api/catalogue/items.json?category=12&alpha=w&page=1
903,https://secure.runescape.com/m=itemdb_rs/api/catalogue/items.json?category=13&alpha=a&page=1
904,https://secure.runescape.com/m=itemdb_rs/api/catalogue/items.json?category=13&alpha=b&page=1
905,https://secure.runescape.com/m=itemdb_rs/api/catalogue/items.json?category=13&alpha=c&page=1
906,https://secure.runescape.com/m=itemdb_rs/api/catalogue/items.json?category=13&alpha=c&page=2
907,https://secure.runescape.com/m=itemdb_rs/api/catalogue/items.json?category=13&alpha=c&page=3
914,https://secure.runescape.com/m=itemdb_rs/api/catalogue/items.json?category=13&alpha=d&page=1
915,https://secure.runescape.com/m=itemdb_rs/api/catalogue/items.json?category=13&alpha=e&page=1
916,https://secure.runescape.com/m=itemdb_rs/api/catalogue/items.json?category=13&alpha=f&page=1
917,https://secure.runescape.com/m=itemdb_rs/api/catalogue/items.json?category=13&alpha=g&page=1
918,https://secure.runescape.com/m=itemdb_rs/api/catalogue/items.json?category=13&alpha=g&page=2
919,https://secure.runescape.com/m=itemdb_rs/api/catalogue/items.json?category=13&alpha=g&page=3
926,https://secure.runescape.com/m=itemdb_rs/api/catalogue/items.json?category=13&alpha=h&page=1
927,https://secure.runescape.com/m=itemdb_rs/api/catalogue/items.json?category=13&alpha=i&page=1
928,https://secure.runescape.com/m=itemdb_rs/api/catalogue/items.json?category=13&alpha=j&page=1
929,https://secure.runescape.com/m=itemdb_rs/api/catalogue/items.json?category=13&alpha=k&page=1
930,https://secure.runescape.com/m=itemdb_rs/api/catalogue/items.json?category=13&alpha=l&page=1
931,https://secure.runescape.com/m=itemdb_rs/api/catalogue/items.json?category=13&alpha=m&page=1
932,https://secure.runescape.com/m=itemdb_rs/api/catalogue/items.json?category=13&alpha=m&page=2
935,https://secure.runescape.com/m=itemdb_rs/api/catalogue/items.json?category=13&alpha=n&page=1
936,https://secure.runescape.com/m=itemdb_rs/api/catalogue/items.json?category=13&alpha=p&page=1
937,https://secure.runescape.com/m=itemdb_rs/api/catalogue/items.json?category=13&alpha=r&page=1
938,https://secure.runescape.com/m=itemdb_rs/api/catalogue/items.json?category=13&alpha=s&page=1
939,https://secure.runescape.com/m=itemdb_rs/api/catalogue/items.json?category=13&alpha=t&page=1
940,https://secure.runescape.com/m=itemdb_rs/api/catalogue/items.json?category=13&alpha=u&page=1
941,https://secure.runescape.com/m=itemdb_rs/api/catalogue/items.json?category=13&alpha=v&page=1
942,https://secure.runescape.com/m=itemdb_rs/api/catalogue/items.json?category=13&alpha=w&page=1
943,https://secure.runescape.com/m=itemdb_rs/api/catalogue/items.json?category=13&alpha=y&page=1
944,https://secure.runescape.com/m=itemdb_rs/api/catalogue/items.json?category=13&alpha=z&page=1
945,https://secure.runescape.com/m=itemdb_rs/api/catalogue/items.json?category=14&alpha=a&page=1
946,https://secure.runescape.com/m=itemdb_rs/api/catalogue/items.json?category=14&alpha=b&page=1
947,https://secure.runescape.com/m=itemdb_rs/api/catalogue/items.json?category=14&alpha=d&page=1
948,https://secure.runescape.com/m=itemdb_rs/api/catalogue/items.json?category=14&alpha=g&page=1
949,https://secure.runescape.com/m=itemdb_rs/api/catalogue/items.json?category=14&alpha=h&page=1
950,https://secure.runescape.com/m=itemdb_rs/api/catalogue/items.json?category=14&alpha=i&page=1
951,https://secure.runescape.com/m=itemdb_rs/api/catalogue/items.json?category=14&alpha=j&page=1
952,https://secure.runescape.com/m=itemdb_rs/api/catalogue/items.json?category=14&alpha=k&page=1
953,https://secure.runescape.com/m=itemdb_rs/api/catalogue/items.json?category=14&alpha=l&page=1
954,https://secure.runescape.com/m=itemdb_rs/api/catalogue/items.json?category=14&alpha=m&page=1
955,https://secure.runescape.com/m=itemdb_rs/api/catalogue/items.json?category=14&alpha=n&page=1
956,https://secure.runescape.com/m=itemdb_rs/api/catalogue/items.json?category=14&alpha=p&page=1
957,https://secure.runescape.com/m=itemdb_rs/api/catalogue/items.json?category=14&alpha=r&page=1
958,https://secure.runescape.com/m=itemdb_rs/api/catalogue/items.json?category=14&alpha=t&page=1
959,https://secure.runescape.com/m=itemdb_rs/api/catalogue/items.json?category=14&alpha=w&page=1
960,https://secure.runescape.com/m=itemdb_rs/api/catalogue/items.json?category=14&alpha=y&page=1
961,https://secure.runescape.com/m=itemdb_rs/api/catalogue/items.json?category=15&alpha=b&page=1
962,https://secure.runescape.com/m=itemdb_rs/api/catalogue/items.json?category=15&alpha=c&page=1
963,https://secure.runescape.com/m=itemdb_rs/api/catalogue/items.json?category=15&alpha=d&page=1
964,https://secure.runescape.com/m=itemdb_rs/api/catalogue/items.json?category=15&alpha=e&page=1
965,https://secure.runescape.com/m=itemdb_rs/api/catalogue/items.json?category=15&alpha=f&page=1
966,https://secure.runescape.com/m=itemdb_rs/api/catalogue/items.json?category=15&alpha=g&page=1
967,https://secure.runescape.com/m=itemdb_rs/api/catalogue/items.json?category=15&alpha=k&page=1
968,https://secure.runescape.com/m=itemdb_rs/api/catalogue/items.json?category=15&alpha=l&page=1
969,https://secure.runescape.com/m=itemdb_rs/api/catalogue/items.json?category=15&alpha=m&page=1
970,https://secure.runescape.com/m=itemdb_rs/api/catalogue/items.json?category=15&alpha=n&page=1
971,https://secure.runescape.com/m=itemdb_rs/api/catalogue/items.json?category=15&alpha=o&page=1
972,https://secure.runescape.com/m=itemdb_rs/api/catalogue/items.json?category=15&alpha=p&page=1
973,https://secure.runescape.com/m=itemdb_rs/api/catalogue/items.json?category=15&alpha=r&page=1
974,https://secure.runescape.com/m=itemdb_rs/api/catalogue/items.json?category=15&alpha=s&page=1
975,https://secure.runescape.com/m=itemdb_rs/api/catalogue/items.json?category=15&alpha=t&page=1
976,https://secure.runescape.com/m=itemdb_rs/api/catalogue/items.json?category=15&alpha=w&page=1
977,https://secure.runescape.com/m=itemdb_rs/api/catalogue/items.json?category=15&alpha=y&page=1
978,https://secure.runescape.com/m=itemdb_rs/api/catalogue/items.json?category=15&alpha=z&page=1
979,https://secure.runescape.com/m=itemdb_rs/api/catalogue/items.json?category=16&alpha=a&page=1
980,https://secure.runescape.com/m=itemdb_rs/api/catalogue/items.json?category=16&alpha=a&page=2
983,https://secure.runescape.com/m=itemdb_rs/api/catalogue/items.json?category=16&alpha=b&page=1
984,https://secure.runescape.com/m=itemdb_rs/api/catalogue/items.json?category=16&alpha=c&page=1
985,https://secure.runescape.com/m=itemdb_rs/api/catalogue/items.json?category=16&alpha=d&page=1
986,https://secure.runescape.com/m=itemdb_rs/api/catalogue/items.json?category=16&alpha=e&page=1
987,https://secure.runescape.com/m=itemdb_rs/api/catalogue/items.json?category=16&alpha=f&page=1
988,https://secure.runescape.com/m=itemdb_rs/api/catalogue/items.json?category=16&alpha=g&page=1
989,https://secure.runescape.com/m=itemdb_rs/api/catalogue/items.json?category=16&alpha=h&page=1
990,https://secure.runescape.com/m=itemdb_rs/api/catalogue/items.json?category=16&alpha=i&page=1
991,https://secure.runescape.com/m=itemdb_rs/api/catalogue/items.json?category=16&alpha=j&page=1
992,https://secure.runescape.com/m=itemdb_rs/api/catalogue/items.json?category=16&alpha=l&page=1
993,https://secure.runescape.com/m=itemdb_rs/api/catalogue/items.json?category=16&alpha=n&page=1
994,https://secure.runescape.com/m=itemdb_rs/api/catalogue/items.json?category=16&alpha=o&page=1
995,https://secure.runescape.com/m=itemdb_rs/api/catalogue/items.json?category=16&alpha=p&page=1
996,https://secure.runescape.com/m=itemdb_rs/api/catalogue/items.json?category=16&alpha=r&page=1
997,https://secure.runescape.com/m=itemdb_rs/api/catalogue/items.json?category=16&alpha=r&page=2
1000,https://secure.runescape.com/m=itemdb_rs/api/catalogue/items.json?category=16&alpha=s&page=1
1001,https://secure.runescape.com/m=itemdb_rs/api/catalogue/items.json?category=16&alpha=s&page=2
1004,https://secure.runescape.com/m=itemdb_rs/api/catalogue/items.json?category=16&alpha=t&page=1
1005,https://secure.runescape.com/m=itemdb_rs/api/catalogue/items.json?category=16&alpha=u&page=1
1006,https://secure.runescape.com/m=itemdb_rs/api/catalogue/items.json?category=16&alpha=w&page=1
1007,https://secure.runescape.com/m=itemdb_rs/api/catalogue/items.json?category=17&alpha=a&page=1
1008,https://secure.runescape.com/m=itemdb_rs/api/catalogue/items.json?category=17&alpha=b&page=1
1009,https://secure.runescape.com/m=itemdb_rs/api/catalogue/items.json?category=17&alpha=b&page=2
1012,https://secure.runescape.com/m=itemdb_rs/api/catalogue/items.json?category=17&alpha=c&page=1
1013,https://secure.runescape.com/m=itemdb_rs/api/catalogue/items.json?category=17&alpha=c&page=2
1016,https://secure.runescape.com/m=itemdb_rs/api/catalogue/items.json?category=17&alpha=d&page=1
1017,https://secure.runescape.com/m=itemdb_rs/api/catalogue/items.json?category=17&alpha=d&page=2
1020,https://secure.runescape.com/m=itemdb_rs/api/catalogue/items.json?category=17&alpha=e&page=1
1021,https://secure.runescape.com/m=itemdb_rs/api/catalogue/items.json?category=17&alpha=f&page=1
1022,https://secure.runescape.com/m=itemdb_rs/api/catalogue/items.json?category=17&alpha=g&page=1
1023,https://secure.runescape.com/m=itemdb_rs/api/catalogue/items.json?category=17&alpha=h&page=1
1024,https://secure.runescape.com/m=itemdb_rs/api/catalogue/items.json?category=17&alpha=i&page=1
1025,https://secure.runescape.com/m=itemdb_rs/api/catalogue/items.json?category=17&alpha=l&page=1
1026,https://secure.runescape.com/m=itemdb_rs/api/catalogue/items.json?category=17&alpha=m&page=1
1027,https://secure.runescape.com/m=itemdb_rs/api/catalogue/items.json?category=17&alpha=m&page=2
1030,https://secure.runescape.com/m=itemdb_rs/api/catalogue/items.json?category=17&alpha=r&page=1
1031,https://secure.runescape.com/m=itemdb_rs/api/catalogue/items.json?category=17&alpha=s&page=1
1032,https://secure.runescape.com/m=itemdb_rs/api/catalogue/items.json?category=17&alpha=s&page=2
1035,https://secure.runescape.com/m=itemdb_rs/api/catalogue/items.json?category=17&alpha=t&page=1
1036,https://secure.runescape.com/m=itemdb_rs/api/catalogue/items.json?category=17&alpha=v&page=1
1037,https://secure.runescape.com/m=itemdb_rs/api/catalogue/items.json?category=17&alpha=w&page=1
1038,https://secure.runescape.com/m=itemdb_rs/api/catalogue/items.json?category=17&alpha=w&page=2
1041,https://secure.runescape.com/m=itemdb_rs/api/catalogue/items.json?category=17&alpha=z&page=1
1042,https://secure.runescape.com/m=itemdb_rs/api/catalogue/items.json?category=18&alpha=a&page=1
1043,https://secure.runescape.com/m=itemdb_rs/api/catalogue/items.json?category=18&alpha=b&page=1
1044,https://secure.runescape.com/m=itemdb_rs/api/catalogue/items.json?category=18&alpha=c&page=1
1045,https://secure.runescape.com/m=itemdb_rs/api/catalogue/items.json?category=18&alpha=d&page=1
1046,https://secure.runescape.com/m=itemdb_rs/api/catalogue/items.json?category=18&alpha=e&page=1
1047,https://secure.runescape.com/m=itemdb_rs/api/catalogue/items.json?category=18&alpha=f&page=1
1048,https://secure.runescape.com/m=itemdb_rs/api/catalogue/items.json?category=18&alpha=g&page=1
1049,https://secure.runescape.com/m=itemdb_rs/api/catalogue/items.json?category=18&alpha=i&page=1
1050,https://secure.runescape.com/m=itemdb_rs/api/catalogue/items.json?category=18&alpha=l&page=1
1051,https://secure.runescape.com/m=itemdb_rs/api/catalogue/items.json?category=18&alpha=m&page=1
1052,https://secure.runescape.com/m=itemdb_rs/api/catalogue/items.json?category=18&alpha=n&page=1
1053,https://secure.runescape.com/m=itemdb_rs/api/catalogue/items.json?category=18&alpha=o&page=1
1054,https://secure.runescape.com/m=itemdb_rs/api/catalogue/items.json?category=18&alpha=p&page=1
1055,https://secure.runescape.com/m=itemdb_rs/api/catalogue/items.json?category=18&alpha=s&page=1
1056,https://secure.runescape.com/m=itemdb_rs/api/catalogue/items.json?category=18&alpha=s&page=2
1059,https://secure.runescape.com/m=itemdb_rs/api/catalogue/items.json?category=18&alpha=t&page=1
1060,https://secure.runescape.com/m=itemdb_rs/api/catalogue/items.json?category=18&alpha=v&page=1
1061,https://secure.runescape.com/m=itemdb_rs/api/catalogue/items.json?category=18&alpha=w&page=1
1062,https://secure.runescape.com/m=itemdb_rs/api/catalogue/items.json?category=18&alpha=z&page=1
1063,https://secure.runescape.com/m=itemdb_rs/api/catalogue/items.json?category=19&alpha=a&page=1
1064,https://secure.runescape.com/m=itemdb_rs/api/catalogue/items.json?category=19&alpha=a&page=2
1065,https://secure.runescape.com/m=itemdb_rs/api/catalogue/items.json?category=19&alpha=a&page=3
1066,https://secure.runescape.com/m=itemdb_rs/api/catalogue/items.json?category=19&alpha=a&page=4
1067,https://secure.runescape.com/m=itemdb_rs/api/catalogue/items.json?category=19&alpha=a&page=5
1068,https://secure.runescape.com/m=itemdb_rs/api/catalogue/items.json?category=19&alpha=a&page=6
1069,https://secure.runescape.com/m=itemdb_rs/api/catalogue/items.json?category=19&alpha=a&page=7
1112,https://secure.runescape.com/m=itemdb_rs/api/catalogue/items.json?category=19&alpha=b&page=1
1113,https://secure.runescape.com/m=itemdb_rs/api/catalogue/items.json?category=19&alpha=b&page=2
1114,https://secure.runescape.com/m=itemdb_rs/api/catalogue/items.json?category=19&alpha=b&page=3
1115,https://secure.runescape.com/m=itemdb_rs/api/catalogue/items.json?category=19&alpha=b&page=4
1116,https://secure.runescape.com/m=itemdb_rs/api/catalogue/items.json?category=19&alpha=b&page=5
1117,https://secure.runescape.com/m=itemdb_rs/api/catalogue/items.json?category=19&alpha=b&page=6
1118,https://secure.runescape.com/m=itemdb_rs/api/catalogue/items.json?category=19&alpha=b&page=7
1161,https://secure.runescape.com/m=itemdb_rs/api/catalogue/items.json?category=19&alpha=c&page=1
1162,https://secure.runescape.com/m=itemdb_rs/api/catalogue/items.json?category=19&alpha=e&page=1
1163,https://secure.runescape.com/m=itemdb_rs/api/catalogue/items.json?category=19&alpha=f&page=1
1164,https://secure.runescape.com/m=itemdb_rs/api/catalogue/items.json?category=19&alpha=i&page=1
1165,https://secure.runescape.com/m=itemdb_rs/api/catalogue/items.json?category=19&alpha=i&page=2
1168,https://secure.runescape.com/m=itemdb_rs/api/catalogue/items.json?category=19&alpha=l&page=1
1169,https://secure.runescape.com/m=itemdb_rs/api/catalogue/items.json?category=19&alpha=m&page=1
1170,https://secure.runescape.com/m=itemdb_rs/api/catalogue/items.json?category=19&alpha=m&page=2
1171,https://secure.runescape.com/m=itemdb_rs/api/catalogue/items.json?category=19&alpha=m&page=3
1172,https://secure.runescape.com/m=itemdb_rs/api/catalogue/items.json?category=19&alpha=m&page=4
1185,https://secure.runescape.com/m=itemdb_rs/api/catalogue/items.json?category=19&alpha=o&page=1
1186,https://secure.runescape.com/m=itemdb_rs/api/catalogue/items.json?category=19&alpha=r&page=1
1187,https://secure.runescape.com/m=itemdb_rs/api/catalogue/items.json?category=19&alpha=s&page=1
1188,https://secure.runescape.com/m=itemdb_rs/api/catalogue/items.json?category=19&alpha=s&page=2
1189,https://secure.runescape.com/m=itemdb_rs/api/catalogue/items.json?category=19&alpha=s&page=3
1196,https://secure.runescape.com/m=itemdb_rs/api/catalogue/items.json?category=19&alpha=t&page=1
1197,https://secure.runescape.com/m=itemdb_rs/api/catalogue/items.json?category=19&alpha=w&page=1
1198,https://secure.runescape.com/m=itemdb_rs/api/catalogue/items.json?category=20&alpha=b&page=1
1199,https://secure.runescape.com/m=itemdb_rs/api/catalogue/items.json?category=20&alpha=c&page=1
1200,https://secure.runescape.com/m=itemdb_rs/api/catalogue/items.json?category=20&alpha=d&page=1
1201,https://secure.runescape.com/m=itemdb_rs/api/catalogue/items.json?category=20&alpha=d&page=2
1204,https://secure.runescape.com/m=itemdb_rs/api/catalogue/items.json?category=20&alpha=e&page=1
1205,https://secure.runescape.com/m=itemdb_rs/api/catalogue/items.json?category=20&alpha=g&page=1
1206,https://secure.runescape.com/m=itemdb_rs/api/catalogue/items.json?category=20&alpha=h&page=1
1207,https://secure.runescape.com/m=itemdb_rs/api/catalogue/items.json?category=20&alpha=n&page=1
1208,https://secure.runescape.com/m=itemdb_rs/api/catalogue/items.json?category=20&alpha=o&page=1
1209,https://secure.runescape.com/m=itemdb_rs/api/catalogue/items.json?category=20&alpha=o&page=2
1210,https://secure.runescape.com/m=itemdb_rs/api/catalogue/items.json?category=20&alpha=o&page=3
1217,https://secure.runescape.com/m=itemdb_rs/api/catalogue/items.json?category=20&alpha=p&page=1
1218,https://secure.runescape.com/m=itemdb_rs/api/catalogue/items.json?category=20&alpha=r&page=1
1219,https://secure.runescape.com/m=itemdb_rs/api/catalogue/items.json?category=20&alpha=r&page=2
1220,https://secure.runescape.com/m=itemdb_rs/api/catalogue/items.json?category=20&alpha=r&page=3
1221,https://secure.runescape.com/m=itemdb_rs/api/catalogue/items.json?category=20&alpha=r&page=4
1222,https://secure.runescape.com/m=itemdb_rs/api/catalogue/items.json?category=20&alpha=r&page=5
1223,https://secure.runescape.com/m=itemdb_rs/api/catalogue/items.json?category=20&alpha=r&page=6
1224,https://secure.runescape.com/m=itemdb_rs/api/catalogue/items.json?category=20&alpha=r&page=7
1225,https://secure.runescape.com/m=itemdb_rs/api/catalogue/items.json?category=20&alpha=r&page=8
1226,https://secure.runescape.com/m=itemdb_rs/api/catalogue/items.json?category=20&alpha=r&page=9
1227,https://secure.runescape.com/m=itemdb_rs/api/catalogue/items.json?category=20&alpha=r&page=10
1228,https://secure.runescape.com/m=itemdb_rs/api/catalogue/items.json?category=20&alpha=r&page=11
1339,https://secure.runescape.com/m=itemdb_rs/api/catalogue/items.json?category=20&alpha=s&page=1
1340,https://secure.runescape.com/m=itemdb_rs/api/catalogue/items.json?category=20&alpha=t&page=1
1341,https://secure.runescape.com/m=itemdb_rs/api/catalogue/items.json?category=20&alpha=v&page=1
1342,https://secure.runescape.com/m=itemdb_rs/api/catalogue/items.json?category=20&alpha=w&page=1
1343,https://secure.runescape.com/m=itemdb_rs/api/catalogue/items.json?category=21&alpha=a&page=1
1344,https://secure.runescape.com/m=itemdb_rs/api/catalogue/items.json?category=21&alpha=b&page=1
1345,https://secure.runescape.com/m=itemdb_rs/api/catalogue/items.json?category=21&alpha=b&page=2
1346,https://secure.runescape.com/m=itemdb_rs/api/catalogue/items.json?category=21&alpha=b&page=3
1347,https://secure.runescape.com/m=itemdb_rs/api/catalogue/items.json?category=21&alpha=b&page=4
1348,https://secure.runescape.com/m=itemdb_rs/api/catalogue/items.json?category=21&alpha=b&page=5
1369,https://secure.runescape.com/m=itemdb_rs/api/catalogue/items.json?category=21&alpha=c&page=1
1370,https://secure.runescape.com/m=itemdb_rs/api/catalogue/items.json?category=21&alpha=d&page=1
1371,https://secure.runescape.com/m=itemdb_rs/api/catalogue/items.json?category=21&alpha=d&page=2
1374,https://secure.runescape.com/m=itemdb_rs/api/catalogue/items.json?category=21&alpha=e&page=1
1375,https://secure.runescape.com/m=itemdb_rs/api/catalogue/items.json?category=21&alpha=e&page=2
1376,https://secure.runescape.com/m=itemdb_rs/api/catalogue/items.json?category=21&alpha=e&page=3
1377,https://secure.runescape.com/m=itemdb_rs/api/catalogue/items.json?category=21&alpha=e&page=4
1390,https://secure.runescape.com/m=itemdb_rs/api/catalogue/items.json?category=21&alpha=g&page=1
1391,https://secure.runescape.com/m=itemdb_rs/api/catalogue/items.json?category=21&alpha=l&page=1
1392,https://secure.runescape.com/m=itemdb_rs/api/catalogue/items.json?category=21&alpha=m&page=1
1393,https://secure.runescape.com/m=itemdb_rs/api/catalogue/items.json?category=21&alpha=n&page=1
1394,https://secure.runescape.com/m=itemdb_rs/api/catalogue/items.json?category=21&alpha=n&page=2
1395,https://secure.runescape.com/m=itemdb_rs/api/catalogue/items.json?category=21&alpha=n&page=3
1402,https://secure.runescape.com/m=itemdb_rs/api/catalogue/items.json?category=21&alpha=p&page=1
1403,https://secure.runescape.com/m=itemdb_rs/api/catalogue/items.json?category=21&alpha=r&page=1
1404,https://secure.runescape.com/m=itemdb_rs/api/catalogue/items.json?category=21&alpha=s&page=1
1405,https://secure.runescape.com/m=itemdb_rs/api/catalogue/items.json?category=21&alpha=t&page=1
1406,https://secure.runescape.com/m=itemdb_rs/api/catalogue/items.json?category=21&alpha=t&page=2
1409,https://secure.runescape.com/m=itemdb_rs/api/catalogue/items.json?category=21&alpha=v&page=1
1410,https://secure.runescape.com/m=itemdb_rs/api/catalogue/items.json?category=22&alpha=a&page=1
1411,https://secure.runescape.com/m=itemdb_rs/api/catalogue/items.json?category=22&alpha=a&page=2
1412,https://secure.runescape.com/m=itemdb_rs/api/catalogue/items.json?category=22&alpha=a&page=3
1413,https://secure.runescape.com/m=itemdb_rs/api/catalogue/items.json?category=22&alpha=a&page=4
1414,https://secure.runescape.com/m=itemdb_rs/api/catalogue/items.json?category=22&alpha=a&page=5
1435,https://secure.runescape.com/m=itemdb_rs/api/catalogue/items.json?category=22&alpha=b&page=1
1436,https://secure.runescape.com/m=itemdb_rs/api/catalogue/items.json?category=22&alpha=b&page=2
1437,https://secure.runescape.com/m=itemdb_rs/api/catalogue/items.json?category=22&alpha=b&page=3
1444,https://secure.runescape.com/m=itemdb_rs/api/catalogue/items.json?category=22&alpha=c&page=1
1445,https://secure.runescape.com/m=itemdb_rs/api/catalogue/items.json?category=22&alpha=d&page=1
1446,https://secure.runescape.com/m=itemdb_rs/api/catalogue/items.json?category=22&alpha=e&page=1
1447,https://secure.runescape.com/m=itemdb_rs/api/catalogue/items.json?category=22&alpha=f&page=1
1448,https://secure.runescape.com/m=itemdb_rs/api/catalogue/items.json?category=22&alpha=g&page=1
1449,https://secure.runescape.com/m=itemdb_rs/api/catalogue/items.json?category=22&alpha=i&page=1
1450,https://secure.runescape.com/m=itemdb_rs/api/catalogue/items.json?category=22&alpha=i&page=2
1451,https://secure.runescape.com/m=itemdb_rs/api/catalogue/items.json?category=22&alpha=i&page=3
1452,https://secure.runescape.com/m=itemdb_rs/api/catalogue/items.json?category=22&alpha=i&page=4
1465,https://secure.runescape.com/m=itemdb_rs/api/catalogue/items.json?category=22&alpha=m&page=1
1466,https://secure.runescape.com/m=itemdb_rs/api/catalogue/items.json?category=22&alpha=m&page=2
1467,https://secure.runescape.com/m=itemdb_rs/api/catalogue/items.json?category=22&alpha=m&page=3
1468,https://secure.runescape.com/m=itemdb_rs/api/catalogue/items.json?category=22&alpha=m&page=4
1469,https://secure.runescape.com/m=itemdb_rs/api/catalogue/items.json?category=22&alpha=m&page=5
1490,https://secure.runescape.com/m=itemdb_rs/api/catalogue/items.json?category=22&alpha=o&page=1
1491,https://secure.runescape.com/m=itemdb_rs/api/catalogue/items.json?category=22&alpha=p&page=1
1492,https://secure.runescape.com/m=itemdb_rs/api/catalogue/items.json?category=22&alpha=s&page=1
1493,https://secure.runescape.com/m=itemdb_rs/api/catalogue/items.json?category=22&alpha=s&page=2
1494,https://secure.runescape.com/m=itemdb_rs/api/catalogue/items.json?category=22&alpha=s&page=3
1495,https://secure.runescape.com/m=itemdb_rs/api/catalogue/items.json?category=22&alpha=s&page=4
1508,https://secure.runescape.com/m=itemdb_rs/api/catalogue/items.json?category=22&alpha=w&page=1
1509,https://secure.runescape.com/m=itemdb_rs/api/catalogue/items.json?category=22&alpha=w&page=2
1512,https://secure.runescape.com/m=itemdb_rs/api/catalogue/items.json?category=22&alpha=z&page=1
1513,https://secure.runescape.com/m=itemdb_rs/api/catalogue/items.json?category=23&alpha=b&page=1
1514,https://secure.runescape.com/m=itemdb_rs/api/catalogue/items.json?category=23&alpha=c&page=1
1515,https://secure.runescape.com/m=itemdb_rs/api/catalogue/items.json?category=23&alpha=d&page=1
1516,https://secure.runescape.com/m=itemdb_rs/api/catalogue/items.json?category=23&alpha=d&page=2
1519,https://secure.runescape.com/m=itemdb_rs/api/catalogue/items.json?category=23&alpha=g&page=1
1520,https://secure.runescape.com/m=itemdb_rs/api/catalogue/items.json?category=23&alpha=k&page=1
1521,https://secure.runescape.com/m=itemdb_rs/api/catalogue/items.json?category=23&alpha=l&page=1
1522,https://secure.runescape.com/m=itemdb_rs/api/catalogue/items.json?category=23&alpha=m&page=1
1523,https://secure.runescape.com/m=itemdb_rs/api/catalogue/items.json?category=23&alpha=o&page=1
1524,https://secure.runescape.com/m=itemdb_rs/api/catalogue/items.json?category=23&alpha=o&page=2
1527,https://secure.runescape.com/m=itemdb_rs/api/catalogue/items.json?category=23&alpha=r&page=1
1528,https://secure.runescape.com/m=itemdb_rs/api/catalogue/items.json?category=23&alpha=r&page=2
1529,https://secure.runescape.com/m=itemdb_rs/api/catalogue/items.json?category=23&alpha=r&page=3
1530,https://secure.runescape.com/m=itemdb_rs/api/catalogue/items.json?category=23&alpha=r&page=4
1531,https://secure.runescape.com/m=itemdb_rs/api/catalogue/items.json?category=23&alpha=r&page=5
1532,https://secure.runescape.com/m=itemdb_rs/api/catalogue/items.json?category=23&alpha=r&page=6
1533,https://secure.runescape.com/m=itemdb_rs/api/catalogue/items.json?category=23&alpha=r&page=7
1576,https://secure.runescape.com/m=itemdb_rs/api/catalogue/items.json?category=23&alpha=s&page=1
1577,https://secure.runescape.com/m=itemdb_rs/api/catalogue/items.json?category=23&alpha=t&page=1
1578,https://secure.runescape.com/m=itemdb_rs/api/catalogue/items.json?category=23&alpha=w&page=1
1579,https://secure.runescape.com/m=itemdb_rs/api/catalogue/items.json?category=24&alpha=a&page=1
1580,https://secure.runescape.com/m=itemdb_rs/api/catalogue/items.json?category=24&alpha=b&page=1
1581,https://secure.runescape.com/m=itemdb_rs/api/catalogue/items.json?category=24&alpha=b&page=2
1582,https://secure.runescape.com/m=itemdb_rs/api/catalogue/items.json?category=24&alpha=b&page=3
1589,https://secure.runescape.com/m=itemdb_rs/api/catalogue/items.json?category=24&alpha=d&page=1
1590,https://secure.runescape.com/m=itemdb_rs/api/catalogue/items.json?category=24&alpha=e&page=1
1591,https://secure.runescape.com/m=itemdb_rs/api/catalogue/items.json?category=24&alpha=e&page=2
1594,https://secure.runescape.com/m=itemdb_rs/api/catalogue/items.json?category=24&alpha=g&page=1
1595,https://secure.runescape.com/m=itemdb_rs/api/catalogue/items.json?category=24&alpha=k&page=1
1596,https://secure.runescape.com/m=itemdb_rs/api/catalogue/items.json?category=24&alpha=l&page=1
1597,https://secure.runescape.com/m=itemdb_rs/api/catalogue/items.json?category=24&alpha=m&page=1
1598,https://secure.runescape.com/m=itemdb_rs/api/catalogue/items.json?category=24&alpha=n&page=1
1599,https://secure.runescape.com/m=itemdb_rs/api/catalogue/items.json?category=24&alpha=n&page=2
1602,https://secure.runescape.com/m=itemdb_rs/api/catalogue/items.json?category=24&alpha=o&page=1
1603,https://secure.runescape.com/m=itemdb_rs/api/catalogue/items.json?category=24&alpha=r&page=1
1604,https://secure.runescape.com/m=itemdb_rs/api/catalogue/items.json?category=24&alpha=s&page=1
1605,https://secure.runescape.com/m=itemdb_rs/api/catalogue/items.json?category=24&alpha=t&page=1
1606,https://secure.runescape.com/m=itemdb_rs/api/catalogue/items.json?category=24&alpha=v&page=1
1607,https://secure.runescape.com/m=itemdb_rs/api/catalogue/items.json?category=24&alpha=w&page=1
1608,https://secure.runescape.com/m=itemdb_rs/api/catalogue/items.json?category=24&alpha=z&page=1
1609,https://secure.runescape.com/m=itemdb_rs/api/catalogue/items.json?category=25&alpha=a&page=1
1610,https://secure.runescape.com/m=itemdb_rs/api/catalogue/items.json?category=25&alpha=b&page=1
1611,https://secure.runescape.com/m=itemdb_rs/api/catalogue/items.json?category=25&alpha=c&page=1
1612,https://secure.runescape.com/m=itemdb_rs/api/catalogue/items.json?category=25&alpha=d&page=1
1613,https://secure.runescape.com/m=itemdb_rs/api/catalogue/items.json?category=25&alpha=e&page=1
1614,https://secure.runescape.com/m=itemdb_rs/api/catalogue/items.json?category=25&alpha=g&page=1
1615,https://secure.runescape.com/m=itemdb_rs/api/catalogue/items.json?category=25&alpha=i&page=1
1616,https://secure.runescape.com/m=itemdb_rs/api/catalogue/items.json?category=25&alpha=l&page=1
1617,https://secure.runescape.com/m=itemdb_rs/api/catalogue/items.json?category=25&alpha=m&page=1
1618,https://secure.runescape.com/m=itemdb_rs/api/catalogue/items.json?category=25&alpha=n&page=1
1619,https://secure.runescape.com/m=itemdb_rs/api/catalogue/items.json?category=25&alpha=o&page=1
1620,https://secure.runescape.com/m=itemdb_rs/api/catalogue/items.json?category=25&alpha=p&page=1
1621,https://secure.runescape.com/m=itemdb_rs/api/catalogue/items.json?category=25&alpha=r&page=1
1622,https://secure.runescape.com/m=itemdb_rs/api/catalogue/items.json?category=25&alpha=s&page=1
1623,https://secure.runescape.com/m=itemdb_rs/api/catalogue/items.json?category=25&alpha=t&page=1
1624,https://secure.runescape.com/m=itemdb_rs/api/catalogue/items.json?category=26&alpha=a&page=1
1625,https://secure.runescape.com/m=itemdb_rs/api/catalogue/items.json?category=26&alpha=a&page=2
1626,https://secure.runescape.com/m=itemdb_rs/api/catalogue/items.json?category=26&alpha=a&page=3
1627,https://secure.runescape.com/m=itemdb_rs/api/catalogue/items.json?category=26&alpha=a&page=4
1628,https://secure.runescape.com/m=itemdb_rs/api/catalogue/items.json?category=26&alpha=a&page=5
1649,https://secure.runescape.com/m=itemdb_rs/api/catalogue/items.json?category=26&alpha=c&page=1
1650,https://secure.runescape.com/m=itemdb_rs/api/catalogue/items.json?category=26&alpha=c&page=2
1651,https://secure.runescape.com/m=itemdb_rs/api/catalogue/items.json?category=26&alpha=c&page=3
1658,https://secure.runescape.com/m=itemdb_rs/api/catalogue/items.json?category=26&alpha=d&page=1
1659,https://secure.runescape.com/m=itemdb_rs/api/catalogue/items.json?category=26&alpha=e&page=1
1660,https://secure.runescape.com/m=itemdb_rs/api/catalogue/items.json?category=26&alpha=f&page=1
1661,https://secure.runescape.com/m=itemdb_rs/api/catalogue/items.json?category=26&alpha=g&page=1
1662,https://secure.runescape.com/m=itemdb_rs/api/catalogue/items.json?category=26&alpha=g&page=2
1663,https://secure.runescape.com/m=itemdb_rs/api/catalogue/items.json?category=26&alpha=g&page=3
1670,https://secure.runescape.com/m=itemdb_rs/api/catalogue/items.json?category=26&alpha=h&page=1
1671,https://secure.runescape.com/m=itemdb_rs/api/catalogue/items.json?category=26&alpha=i&page=1
1672,https://secure.runescape.com/m=itemdb_rs/api/catalogue/items.json?category=26&alpha=j&page=1
1673,https://secure.runescape.com/m=itemdb_rs/api/catalogue/items.json?category=26&alpha=j&page=2
1674,https://secure.runescape.com/m=itemdb_rs/api/catalogue/items.json?category=26&alpha=j&page=3
1681,https://secure.runescape.com/m=itemdb_rs/api/catalogue/items.json?category=26&alpha=l&page=1
1682,https://secure.runescape.com/m=itemdb_rs/api/catalogue/items.json?category=26&alpha=m&page=1
1683,https://secure.runescape.com/m=itemdb_rs/api/catalogue/items.json?category=26&alpha=n&page=1
1684,https://secure.runescape.com/m=itemdb_rs/api/catalogue/items.json?category=26&alpha=p&page=1
1685,https://secure.runescape.com/m=itemdb_rs/api/catalogue/items.json?category=26&alpha=p&page=2
1686,https://secure.runescape.com/m=itemdb_rs/api/catalogue/items.json?category=26&alpha=p&page=3
1687,https://secure.runescape.com/m=itemdb_rs/api/catalogue/items.json?category=26&alpha=p&page=4
1688,https://secure.runescape.com/m=itemdb_rs/api/catalogue/items.json?category=26&alpha=p&page=5
1709,https://secure.runescape.com/m=itemdb_rs/api/catalogue/items.json?category=26&alpha=r&page=1
1710,https://secure.runescape.com/m=itemdb_rs/api/catalogue/items.json?category=26&alpha=r&page=2
1711,https://secure.runescape.com/m=itemdb_rs/api/catalogue/items.json?category=26&alpha=r&page=3
1718,https://secure.runescape.com/m=itemdb_rs/api/catalogue/items.json?category=26&alpha=s&page=1
1719,https://secure.runescape.com/m=itemdb_rs/api/catalogue/items.json?category=26&alpha=s&page=2
1720,https://secure.runescape.com/m=itemdb_rs/api/catalogue/items.json?category=26&alpha=s&page=3
1721,https://secure.runescape.com/m=itemdb_rs/api/catalogue/items.json?category=26&alpha=s&page=4
1722,https://secure.runescape.com/m=itemdb_rs/api/catalogue/items.json?category=26&alpha=s&page=5
1723,https://secure.runescape.com/m=itemdb_rs/api/catalogue/items.json?category=26&alpha=s&page=6
1724,https://secure.runescape.com/m=itemdb_rs/api/catalogue/items.json?category=26&alpha=s&page=7
1725,https://secure.runescape.com/m=itemdb_rs/api/catalogue/items.json?category=26&alpha=s&page=8
1726,https://secure.runescape.com/m=itemdb_rs/api/catalogue/items.json?category=26&alpha=s&page=9
1727,https://secure.runescape.com/m=itemdb_rs/api/catalogue/items.json?category=26&alpha=s&page=10
1728,https://secure.runescape.com/m=itemdb_rs/api/catalogue/items.json?category=26&alpha=s&page=11
1729,https://secure.runescape.com/m=itemdb_rs/api/catalogue/items.json?category=26&alpha=s&page=12
1730,https://secure.runescape.com/m=itemdb_rs/api/catalogue/items.json?category=26&alpha=s&page=13
1887,https://secure.runescape.com/m=itemdb_rs/api/catalogue/items.json?category=26&alpha=u&page=1
1888,https://secure.runescape.com/m=itemdb_rs/api/catalogue/items.json?category=26&alpha=w&page=1
1889,https://secure.runescape.com/m=itemdb_rs/api/catalogue/items.json?category=26&alpha=w&page=2
1890,https://secure.runescape.com/m=itemdb_rs/api/catalogue/items.json?category=26&alpha=w&page=3
1897,https://secure.runescape.com/m=itemdb_rs/api/catalogue/items.json?category=26&alpha=z&page=1
1898,https://secure.runescape.com/m=itemdb_rs/api/catalogue/items.json?category=27&alpha=a&page=1
1899,https://secure.runescape.com/m=itemdb_rs/api/catalogue/items.json?category=27&alpha=a&page=2
1902,https://secure.runescape.com/m=itemdb_rs/api/catalogue/items.json?category=27&alpha=b&page=1
1903,https://secure.runescape.com/m=itemdb_rs/api/catalogue/items.json?category=27&alpha=d&page=1
1904,https://secure.runescape.com/m=itemdb_rs/api/catalogue/items.json?category=27&alpha=g&page=1
1905,https://secure.runescape.com/m=itemdb_rs/api/catalogue/items.json?category=27&alpha=i&page=1
1906,https://secure.runescape.com/m=itemdb_rs/api/catalogue/items.json?category=27&alpha=m&page=1
1907,https://secure.runescape.com/m=itemdb_rs/api/catalogue/items.json?category=27&alpha=p&page=1
1908,https://secure.runescape.com/m=itemdb_rs/api/catalogue/items.json?category=27&alpha=s&page=1
1909,https://secure.runescape.com/m=itemdb_rs/api/catalogue/items.json?category=27&alpha=t&page=1
1910,https://secure.runescape.com/m=itemdb_rs/api/catalogue/items.json?category=27&alpha=z&page=1
1911,https://secure.runescape.com/m=itemdb_rs/api/catalogue/items.json?category=28&alpha=a&page=1
1912,https://secure.runescape.com/m=itemdb_rs/api/catalogue/items.json?category=28&alpha=b&page=1
1913,https://secure.runescape.com/m=itemdb_rs/api/catalogue/items.json?category=28&alpha=d&page=1
1914,https://secure.runescape.com/m=itemdb_rs/api/catalogue/items.json?category=28&alpha=e&page=1
1915,https://secure.runescape.com/m=itemdb_rs/api/catalogue/items.json?category=28&alpha=f&page=1
1916,https://secure.runescape.com/m=itemdb_rs/api/catalogue/items.json?category=28&alpha=h&page=1
1917,https://secure.runescape.com/m=itemdb_rs/api/catalogue/items.json?category=28&alpha=i&page=1
1918,https://secure.runescape.com/m=itemdb_rs/api/catalogue/items.json?category=28&alpha=j&page=1
1919,https://secure.runescape.com/m=itemdb_rs/api/catalogue/items.json?category=28&alpha=l&page=1
1920,https://secure.runescape.com/m=itemdb_rs/api/catalogue/items.json?category=28&alpha=m&page=1
1921,https://secure.runescape.com/m=itemdb_rs/api/catalogue/items.json?category=28&alpha=o&page=1
1922,https://secure.runescape.com/m=itemdb_rs/api/catalogue/items.json?category=28&alpha=p&page=1
1923,https://secure.runescape.com/m=itemdb_rs/api/catalogue/items.json?category=28&alpha=r&page=1
1924,https://secure.runescape.com/m=itemdb_rs/api/catalogue/items.json?category=28&alpha=s&page=1
1925,https://secure.runescape.com/m=itemdb_rs/api/catalogue/items.json?category=28&alpha=t&page=1
1926,https://secure.runescape.com/m=itemdb_rs/api/catalogue/items.json?category=28&alpha=w&page=1
1927,https://secure.runescape.com/m=itemdb_rs/api/catalogue/items.json?category=28&alpha=y&page=1
1928,https://secure.runescape.com/m=itemdb_rs/api/catalogue/items.json?category=28&alpha=z&page=1
1929,https://secure.runescape.com/m=itemdb_rs/api/catalogue/items.json?category=29&alpha=a&page=1
1930,https://secure.runescape.com/m=itemdb_rs/api/catalogue/items.json?category=29&alpha=a&page=2
1933,https://secure.runescape.com/m=itemdb_rs/api/catalogue/items.json?category=29&alpha=b&page=1
1934,https://secure.runescape.com/m=itemdb_rs/api/catalogue/items.json?category=29&alpha=b&page=2
1935,https://secure.runescape.com/m=itemdb_rs/api/catalogue/items.json?category=29&alpha=b&page=3
1936,https://secure.runescape.com/m=itemdb_rs/api/catalogue/items.json?category=29&alpha=b&page=4
1949,https://secure.runescape.com/m=itemdb_rs/api/catalogue/items.json?category=29&alpha=c&page=1
1950,https://secure.runescape.com/m=itemdb_rs/api/catalogue/items.json?category=29&alpha=d&page=1
1951,https://secure.runescape.com/m=itemdb_rs/api/catalogue/items.json?category=29&alpha=e&page=1
1952,https://secure.runescape.com/m=itemdb_rs/api/catalogue/items.json?category=29&alpha=f&page=1
1953,https://secure.runescape.com/m=itemdb_rs/api/catalogue/items.json?category=29&alpha=g&page=1
1954,https://secure.runescape.com/m=itemdb_rs/api/catalogue/items.json?category=29&alpha=g&page=2
1957,https://secure.runescape.com/m=itemdb_rs/api/catalogue/items.json?category=29&alpha=h&page=1
1958,https://secure.runescape.com/m=itemdb_rs/api/catalogue/items.json?category=29&alpha=k&page=1
1959,https://secure.runescape.com/m=itemdb_rs/api/catalogue/items.json?category=29&alpha=l&page=1
1960,https://secure.runescape.com/m=itemdb_rs/api/catalogue/items.json?category=29&alpha=m&page=1
1961,https://secure.runescape.com/m=itemdb_rs/api/catalogue/items.json?category=29&alpha=n&page=1
1962,https://secure.runescape.com/m=itemdb_rs/api/catalogue/items.json?category=29&alpha=p&page=1
1963,https://secure.runescape.com/m=itemdb_rs/api/catalogue/items.json?category=29&alpha=r&page=1
1964,https://secure.runescape.com/m=itemdb_rs/api/catalogue/items.json?category=29&alpha=r&page=2
1967,https://secure.runescape.com/m=itemdb_rs/api/catalogue/items.json?category=29&alpha=s&page=1
1968,https://secure.runescape.com/m=itemdb_rs/api/catalogue/items.json?category=29&alpha=s&page=2
1969,https://secure.runescape.com/m=itemdb_rs/api/catalogue/items.json?category=29&alpha=s&page=3
1976,https://secure.runescape.com/m=itemdb_rs/api/catalogue/items.json?category=29&alpha=t&page=1
1977,https://secure.runescape.com/m=itemdb_rs/api/catalogue/items.json?category=29&alpha=v&page=1
1978,https://secure.runescape.com/m=itemdb_rs/api/catalogue/items.json?category=29&alpha=y&page=1
1979,https://secure.runescape.com/m=itemdb_rs/api/catalogue/items.json?category=30&alpha=a&page=1
1980,https://secure.runescape.com/m=itemdb_rs/api/catalogue/items.json?category=30&alpha=b&page=1
1981,https://secure.runescape.com/m=itemdb_rs/api/catalogue/items.json?category=30&alpha=c&page=1
1982,https://secure.runescape.com/m=itemdb_rs/api/catalogue/items.json?category=30&alpha=d&page=1
1983,https://secure.runescape.com/m=itemdb_rs/api/catalogue/items.json?category=30&alpha=e&page=1
1984,https://secure.runescape.com/m=itemdb_rs/api/catalogue/items.json?category=30&alpha=g&page=1
1985,https://secure.runescape.com/m=itemdb_rs/api/catalogue/items.json?category=30&alpha=h&page=1
1986,https://secure.runescape.com/m=itemdb_rs/api/catalogue/items.json?category=30&alpha=i&page=1
1987,https://secure.runescape.com/m=itemdb_rs/api/catalogue/items.json?category=30&alpha=k&page=1
1988,https://secure.runescape.com/m=itemdb_rs/api/catalogue/items.json?category=30&alpha=m&page=1
1989,https://secure.runescape.com/m=itemdb_rs/api/catalogue/items.json?category=30&alpha=n&page=1
1990,https://secure.runescape.com/m=itemdb_rs/api/catalogue/items.json?category=30&alpha=o&page=1
1991,https://secure.runescape.com/m=itemdb_rs/api/catalogue/items.json?category=30&alpha=o&page=2
1994,https://secure.runescape.com/m=itemdb_rs/api/catalogue/items.json?category=30&alpha=r&page=1
1995,https://secure.runescape.com/m=itemdb_rs/api/catalogue/items.json?category=30&alpha=s&page=1
1996,https://secure.runescape.com/m=itemdb_rs/api/catalogue/items.json?category=30&alpha=u&page=1
1997,https://secure.runescape.com/m=itemdb_rs/api/catalogue/items.json?category=30&alpha=w&page=1
1998,https://secure.runescape.com/m=itemdb_rs/api/catalogue/items.json?category=30&alpha=y&page=1
1999,https://secure.runescape.com/m=itemdb_rs/api/catalogue/items.json?category=30&alpha=z&page=1
2000,https://secure.runescape.com/m=itemdb_rs/api/catalogue/items.json?category=31&alpha=a&page=1
2001,https://secure.runescape.com/m=itemdb_rs/api/catalogue/items.json?category=31&alpha=b&page=1
2002,https://secure.runescape.com/m=itemdb_rs/api/catalogue/items.json?category=31&alpha=c&page=1
2003,https://secure.runescape.com/m=itemdb_rs/api/catalogue/items.json?category=31&alpha=d&page=1
2004,https://secure.runescape.com/m=itemdb_rs/api/catalogue/items.json?category=31&alpha=e&page=1
2005,https://secure.runescape.com/m=itemdb_rs/api/catalogue/items.json?category=31&alpha=f&page=1
2006,https://secure.runescape.com/m=itemdb_rs/api/catalogue/items.json?category=31&alpha=l&page=1
2007,https://secure.runescape.com/m=itemdb_rs/api/catalogue/items.json?category=31&alpha=m&page=1
2008,https://secure.runescape.com/m=itemdb_rs/api/catalogue/items.json?category=31&alpha=n&page=1
2009,https://secure.runescape.com/m=itemdb_rs/api/catalogue/items.json?category=31&alpha=p&page=1
2010,https://secure.runescape.com/m=itemdb_rs/api/catalogue/items.json?category=31&alpha=r&page=1
2011,https://secure.runescape.com/m=itemdb_rs/api/catalogue/items.json?category=31&alpha=s&page=1
2012,https://secure.runescape.com/m=itemdb_rs/api/catalogue/items.json?category=31&alpha=t&page=1
2013,https://secure.runescape.com/m=itemdb_rs/api/catalogue/items.json?category=31&alpha=w&page=1
2014,https://secure.runescape.com/m=itemdb_rs/api/catalogue/items.json?category=32&alpha=a&page=1
2015,https://secure.runescape.com/m=itemdb_rs/api/catalogue/items.json?category=32&alpha=b&page=1
2016,https://secure.runescape.com/m=itemdb_rs/api/catalogue/items.json?category=32&alpha=c&page=1
2017,https://secure.runescape.com/m=itemdb_rs/api/catalogue/items.json?category=32&alpha=d&page=1
2018,https://secure.runescape.com/m=itemdb_rs/api/catalogue/items.json?category=32&alpha=e&page=1
2019,https://secure.runescape.com/m=itemdb_rs/api/catalogue/items.json?category=32&alpha=f&page=1
2020,https://secure.runescape.com/m=itemdb_rs/api/catalogue/items.json?category=32&alpha=g&page=1
2021,https://secure.runescape.com/m=itemdb_rs/api/catalogue/items.json?category=32&alpha=i&page=1
2022,https://secure.runescape.com/m=itemdb_rs/api/catalogue/items.json?category=32&alpha=j&page=1
2023,https://secure.runescape.com/m=itemdb_rs/api/catalogue/items.json?category=32&alpha=k&page=1
2024,https://secure.runescape.com/m=itemdb_rs/api/catalogue/items.json?category=32&alpha=l&page=1
2025,https://secure.runescape.com/m=itemdb_rs/api/catalogue/items.json?category=32&alpha=m&page=1
2026,https://secure.runescape.com/m=itemdb_rs/api/catalogue/items.json?category=32&alpha=n&page=1
2027,https://secure.runescape.com/m=itemdb_rs/api/catalogue/items.json?category=32&alpha=o&page=1
2028,https://secure.runescape.com/m=itemdb_rs/api/catalogue/items.json?category=32&alpha=p&page=1
2029,https://secure.runescape.com/m=itemdb_rs/api/catalogue/items.json?category=32&alpha=s&page=1
2030,https://secure.runescape.com/m=itemdb_rs/api/catalogue/items.json?category=32&alpha=s&page=2
2033,https://secure.runescape.com/m=itemdb_rs/api/catalogue/items.json?category=32&alpha=t&page=1
2034,https://secure.runescape.com/m=itemdb_rs/api/catalogue/items.json?category=32&alpha=v&page=1
2035,https://secure.runescape.com/m=itemdb_rs/api/catalogue/items.json?category=32&alpha=w&page=1
2036,https://secure.runescape.com/m=itemdb_rs/api/catalogue/items.json?category=33&alpha=a&page=1
2037,https://secure.runescape.com/m=itemdb_rs/api/catalogue/items.json?category=33&alpha=b&page=1
2038,https://secure.runescape.com/m=itemdb_rs/api/catalogue/items.json?category=33&alpha=c&page=1
2039,https://secure.runescape.com/m=itemdb_rs/api/catalogue/items.json?category=33&alpha=d&page=1
2040,https://secure.runescape.com/m=itemdb_rs/api/catalogue/items.json?category=33&alpha=e&page=1
2041,https://secure.runescape.com/m=itemdb_rs/api/catalogue/items.json?category=33&alpha=f&page=1
2042,https://secure.runescape.com/m=itemdb_rs/api/catalogue/items.json?category=33&alpha=g&page=1
2043,https://secure.runescape.com/m=itemdb_rs/api/catalogue/items.json?category=33&alpha=h&page=1
2044,https://secure.runescape.com/m=itemdb_rs/api/catalogue/items.json?category=33&alpha=i&page=1
2045,https://secure.runescape.com/m=itemdb_rs/api/catalogue/items.json?category=33&alpha=j&page=1
2046,https://secure.runescape.com/m=itemdb_rs/api/catalogue/items.json?category=33&alpha=k&page=1
2047,https://secure.runescape.com/m=itemdb_rs/api/catalogue/items.json?category=33&alpha=l&page=1
2048,https://secure.runescape.com/m=itemdb_rs/api/catalogue/items.json?category=33&alpha=m&page=1
2049,https://secure.runescape.com/m=itemdb_rs/api/catalogue/items.json?category=33&alpha=n&page=1
2050,https://secure.runescape.com/m=itemdb_rs/api/catalogue/items.json?category=33&alpha=o&page=1
2051,https://secure.runescape.com/m=itemdb_rs/api/catalogue/items.json?category=33&alpha=p&page=1
2052,https://secure.runescape.com/m=itemdb_rs/api/catalogue/items.json?category=33&alpha=r&page=1
2053,https://secure.runescape.com/m=itemdb_rs/api/catalogue/items.json?category=33&alpha=s&page=1
2054,https://secure.runescape.com/m=itemdb_rs/api/catalogue/items.json?category=33&alpha=t&page=1
2055,https://secure.runescape.com/m=itemdb_rs/api/catalogue/items.json?category=33&alpha=w&page=1
2056,https://secure.runescape.com/m=itemdb_rs/api/catalogue/items.json?category=33&alpha=y&page=1
2057,https://secure.runescape.com/m=itemdb_rs/api/catalogue/items.json?category=34&alpha=a&page=1
2058,https://secure.runescape.com/m=itemdb_rs/api/catalogue/items.json?category=34&alpha=b&page=1
2059,https://secure.runescape.com/m=itemdb_rs/api/catalogue/items.json?category=34&alpha=c&page=1
2060,https://secure.runescape.com/m=itemdb_rs/api/catalogue/items.json?category=34&alpha=d&page=1
2061,https://secure.runescape.com/m=itemdb_rs/api/catalogue/items.json?category=34&alpha=e&page=1
2062,https://secure.runescape.com/m=itemdb_rs/api/catalogue/items.json?category=34&alpha=f&page=1
2063,https://secure.runescape.com/m=itemdb_rs/api/catalogue/items.json?category=34&alpha=g&page=1
2064,https://secure.runescape.com/m=itemdb_rs/api/catalogue/items.json?category=34&alpha=h&page=1
2065,https://secure.runescape.com/m=itemdb_rs/api/catalogue/items.json?category=34&alpha=i&page=1
2066,https://secure.runescape.com/m=itemdb_rs/api/catalogue/items.json?category=34&alpha=m&page=1
2067,https://secure.runescape.com/m=itemdb_rs/api/catalogue/items.json?category=34&alpha=o&page=1
2068,https://secure.runescape.com/m=itemdb_rs/api/catalogue/items.json?category=34&alpha=p&page=1
2069,https://secure.runescape.com/m=itemdb_rs/api/catalogue/items.json?category=34&alpha=r&page=1
2070,https://secure.runescape.com/m=itemdb_rs/api/catalogue/items.json?category=34&alpha=s&page=1
2071,https://secure.runescape.com/m=itemdb_rs/api/catalogue/items.json?category=34&alpha=t&page=1
2072,https://secure.runescape.com/m=itemdb_rs/api/catalogue/items.json?category=34&alpha=u&page=1
2073,https://secure.runescape.com/m=itemdb_rs/api/catalogue/items.json?category=34&alpha=v&page=1
2074,https://secure.runescape.com/m=itemdb_rs/api/catalogue/items.json?category=34&alpha=w&page=1
2075,https://secure.runescape.com/m=itemdb_rs/api/catalogue/items.json?category=35&alpha=a&page=1
2076,https://secure.runescape.com/m=itemdb_rs/api/catalogue/items.json?category=35&alpha=b&page=1
2077,https://secure.runescape.com/m=itemdb_rs/api/catalogue/items.json?category=35&alpha=b&page=2
2078,https://secure.runescape.com/m=itemdb_rs/api/catalogue/items.json?category=35&alpha=b&page=3
2085,https://secure.runescape.com/m=itemdb_rs/api/catalogue/items.json?category=35&alpha=c&page=1
2086,https://secure.runescape.com/m=itemdb_rs/api/catalogue/items.json?category=35&alpha=c&page=2
2089,https://secure.runescape.com/m=itemdb_rs/api/catalogue/items.json?category=35&alpha=d&page=1
2090,https://secure.runescape.com/m=itemdb_rs/api/catalogue/items.json?category=35&alpha=e&page=1
2091,https://secure.runescape.com/m=itemdb_rs/api/catalogue/items.json?category=35&alpha=e&page=2
2094,https://secure.runescape.com/m=itemdb_rs/api/catalogue/items.json?category=35&alpha=f&page=1
2095,https://secure.runescape.com/m=itemdb_rs/api/catalogue/items.json?category=35&alpha=f&page=2
2098,https://secure.runescape.com/m=itemdb_rs/api/catalogue/items.json?category=35&alpha=g&page=1
2099,https://secure.runescape.com/m=itemdb_rs/api/catalogue/items.json?category=35&alpha=h&page=1
2100,https://secure.runescape.com/m=itemdb_rs/api/catalogue/items.json?category=35&alpha=i&page=1
2101,https://secure.runescape.com/m=itemdb_rs/api/catalogue/items.json?category=35&alpha=j&page=1
2102,https://secure.runescape.com/m=itemdb_rs/api/catalogue/items.json?category=35&alpha=k&page=1
2103,https://secure.runescape.com/m=itemdb_rs/api/catalogue/items.json?category=35&alpha=l&page=1
2104,https://secure.runescape.com/m=itemdb_rs/api/catalogue/items.json?category=35&alpha=m&page=1
2105,https://secure.runescape.com/m=itemdb_rs/api/catalogue/items.json?category=35&alpha=n&page=1
2106,https://secure.runescape.com/m=itemdb_rs/api/catalogue/items.json?category=35&alpha=o&page=1
2107,https://secure.runescape.com/m=itemdb_rs/api/catalogue/items.json?category=35&alpha=p&page=1
2108,https://secure.runescape.com/m=itemdb_rs/api/catalogue/items.json?category=35&alpha=p&page=2
2111,https://secure.runescape.com/m=itemdb_rs/api/catalogue/items.json?category=35&alpha=r&page=1
2112,https://secure.runescape.com/m=itemdb_rs/api/catalogue/items.json?category=35&alpha=r&page=2
2115,https://secure.runescape.com/m=itemdb_rs/api/catalogue/items.json?category=35&alpha=s&page=1
2116,https://secure.runescape.com/m=itemdb_rs/api/catalogue/items.json?category=35&alpha=s&page=2
2117,https://secure.runescape.com/m=itemdb_rs/api/catalogue/items.json?category=35&alpha=s&page=3
2124,https://secure.runescape.com/m=itemdb_rs/api/catalogue/items.json?category=35&alpha=t&page=1
2125,https://secure.runescape.com/m=itemdb_rs/api/catalogue/items.json?category=35&alpha=u&page=1
2126,https://secure.runescape.com/m=itemdb_rs/api/catalogue/items.json?category=35&alpha=w&page=1
2127,https://secure.runescape.com/m=itemdb_rs/api/catalogue/items.json?category=36&alpha=a&page=1
2128,https://secure.runescape.com/m=itemdb_rs/api/catalogue/items.json?category=36&alpha=b&page=1
2129,https://secure.runescape.com/m=itemdb_rs/api/catalogue/items.json?category=36&alpha=c&page=1
2130,https://secure.runescape.com/m=itemdb_rs/api/catalogue/items.json?category=36&alpha=e&page=1
2131,https://secure.runescape.com/m=itemdb_rs/api/catalogue/items.json?category=36&alpha=l&page=1
2132,https://secure.runescape.com/m=itemdb_rs/api/catalogue/items.json?category=36&alpha=m&page=1
2133,https://secure.runescape.com/m=itemdb_rs/api/catalogue/items.json?category=36&alpha=o&page=1
2134,https://secure.runescape.com/m=itemdb_rs/api/catalogue/items.json?category=36&alpha=s&page=1
2135,https://secure.runescape.com/m=itemdb_rs/api/catalogue/items.json?category=36&alpha=t&page=1
2136,https://secure.runescape.com/m=itemdb_rs/api/catalogue/items.json?category=36&alpha=w&page=1
2137,https://secure.runescape.com/m=itemdb_rs/api/catalogue/items.json?category=36&alpha=y&page=1
2138,https://secure.runescape.com/m=itemdb_rs/api/catalogue/items.json?category=37&alpha=c&page=1
2139,https://secure.runescape.com/m=itemdb_rs/api/catalogue/items.json?category=37&alpha=e&page=1
2140,https://secure.runescape.com/m=itemdb_rs/api/catalogue/items.json?category=37&alpha=g&page=1
2141,https://secure.runescape.com/m=itemdb_rs/api/catalogue/items.json?category=37&alpha=l&page=1
2142,https://secure.runescape.com/m=itemdb_rs/api/catalogue/items.json?category=37&alpha=m&page=1
2143,https://secure.runescape.com/m=itemdb_rs/api/catalogue/items.json?category=37&alpha=r&page=1
2144,https://secure.runescape.com/m=itemdb_rs/api/catalogue/items.json?category=37&alpha=s&page=1
2145,https://secure.runescape.com/m=itemdb_rs/api/catalogue/items.json?category=37&alpha=t&page=1
2146,https://secure.runescape.com/m=itemdb_rs/api/catalogue/items.json?category=37&alpha=w&page=1
2147,https://secure.runescape.com/m=itemdb_rs/api/catalogue/items.json?category=38&alpha=a&page=1
2148,https://secure.runescape.com/m=itemdb_rs/api/catalogue/items.json?category=38&alpha=b&page=1
2149,https://secure.runescape.com/m=itemdb_rs/api/catalogue/items.json?category=38&alpha=c&page=1
2150,https://secure.runescape.com/m=itemdb_rs/api/catalogue/items.json?category=38&alpha=d&page=1
2151,https://secure.runescape.com/m=itemdb_rs/api/catalogue/items.json?category=38&alpha=g&page=1
2152,https://secure.runescape.com/m=itemdb_rs/api/catalogue/items.json?category=38&alpha=i&page=1
2153,https://secure.runescape.com/m=itemdb_rs/api/catalogue/items.json?category=38&alpha=l&page=1
2154,https://secure.runescape.com/m=itemdb_rs/api/catalogue/items.json?category=38&alpha=m&page=1
2155,https://secure.runescape.com/m=itemdb_rs/api/catalogue/items.json?category=38&alpha=n&page=1
2156,https://secure.runescape.com/m=itemdb_rs/api/catalogue/items.json?category=38&alpha=o&page=1
2157,https://secure.runescape.com/m=itemdb_rs/api/catalogue/items.json?category=38&alpha=p&page=1
2158,https://secure.runescape.com/m=itemdb_rs/api/catalogue/items.json?category=38&alpha=r&page=1
2159,https://secure.runescape.com/m=itemdb_rs/api/catalogue/items.json?category=38&alpha=s&page=1
2160,https://secure.runescape.com/m=itemdb_rs/api/catalogue/items.json?category=38&alpha=t&page=1
2161,https://secure.runescape.com/m=itemdb_rs/api/catalogue/items.json?category=39&alpha=h&page=1
2162,https://secure.runescape.com/m=itemdb_rs/api/catalogue/items.json?category=39&alpha=h&page=2
2163,https://secure.runescape.com/m=itemdb_rs/api/catalogue/items.json?category=39&alpha=h&page=3
2170,https://secure.runescape.com/m=itemdb_rs/api/catalogue/items.json?category=39&alpha=l&page=1
2171,https://secure.runescape.com/m=itemdb_rs/api/catalogue/items.json?category=39&alpha=l&page=2
2174,https://secure.runescape.com/m=itemdb_rs/api/catalogue/items.json?category=39&alpha=m&page=1
2175,https://secure.runescape.com/m=itemdb_rs/api/catalogue/items.json?category=39&alpha=m&page=2
2176,https://secure.runescape.com/m=itemdb_rs/api/catalogue/items.json?category=39&alpha=m&page=3
2183,https://secure.runescape.com/m=itemdb_rs/api/catalogue/items.json?category=39&alpha=s&page=1
2184,https://secure.runescape.com/m=itemdb_rs/api/catalogue/items.json?category=39&alpha=s&page=2
2187,https://secure.runescape.com/m=itemdb_rs/api/catalogue/items.json?category=39&alpha=t&page=1
2188,https://secure.runescape.com/m=itemdb_rs/api/catalogue/items.json?category=39&alpha=t&page=2
2191,https://secure.runescape.com/m=itemdb_rs/api/catalogue/items.json?category=40&alpha=a&page=1
2192,https://secure.runescape.com/m=itemdb_rs/api/catalogue/items.json?category=40&alpha=b&page=1
2193,https://secure.runescape.com/m=itemdb_rs/api/catalogue/items.json?category=40&alpha=c&page=1
2194,https://secure.runescape.com/m=itemdb_rs/api/catalogue/items.json?category=40&alpha=d&page=1
2195,https://secure.runescape.com/m=itemdb_rs/api/catalogue/items.json?category=40&alpha=f&page=1
2196,https://secure.runescape.com/m=itemdb_rs/api/catalogue/items.json?category=40&alpha=g&page=1
2197,https://secure.runescape.com/m=itemdb_rs/api/catalogue/items.json?category=40&alpha=h&page=1
2198,https://secure.runescape.com/m=itemdb_rs/api/catalogue/items.json?category=40&alpha=i&page=1
2199,https://secure.runescape.com/m=itemdb_rs/api/catalogue/items.json?category=40&alpha=k&page=1
2200,https://secure.runescape.com/m=itemdb_rs/api/catalogue/items.json?category=40&alpha=l&page=1
2201,https://secure.runescape.com/m=itemdb_rs/api/catalogue/items.json?category=40&alpha=m&page=1
2202,https://secure.runescape.com/m=itemdb_rs/api/catalogue/items.json?category=40&alpha=o&page=1
2203,https://secure.runescape.com/m=itemdb_rs/api/catalogue/items.json?category=40&alpha=r&page=1
2204,https://secure.runescape.com/m=itemdb_rs/api/catalogue/items.json?category=40&alpha=s&page=1
2205,https://secure.runescape.com/m=itemdb_rs/api/catalogue/items.json?category=40&alpha=t&page=1
2206,https://secure.runescape.com/m=itemdb_rs/api/catalogue/items.json?category=40&alpha=w&page=1
2207,https://secure.runescape.com/m=itemdb_rs/api/catalogue/items.json?category=40&alpha=y&page=1
2208,https://secure.runescape.com/m=itemdb_rs/api/catalogue/items.json?category=41&alpha=a&page=1
2209,https://secure.runescape.com/m=itemdb_rs/api/catalogue/items.json?category=41&alpha=b&page=1
2210,https://secure.runescape.com/m=itemdb_rs/api/catalogue/items.json?category=41&alpha=c&page=1
2211,https://secure.runescape.com/m=itemdb_rs/api/catalogue/items.json?category=41&alpha=d&page=1
2212,https://secure.runescape.com/m=itemdb_rs/api/catalogue/items.json?category=41&alpha=e&page=1
2213,https://secure.runescape.com/m=itemdb_rs/api/catalogue/items.json?category=41&alpha=f&page=1
2214,https://secure.runescape.com/m=itemdb_rs/api/catalogue/items.json?category=41&alpha=g&page=1
2215,https://secure.runescape.com/m=itemdb_rs/api/catalogue/items.json?category=41&alpha=h&page=1
2216,https://secure.runescape.com/m=itemdb_rs/api/catalogue/items.json?category=41&alpha=i&page=1
2217,https://secure.runescape.com/m=itemdb_rs/api/catalogue/items.json?category=41&alpha=k&page=1
2218,https://secure.runescape.com/m=itemdb_rs/api/catalogue/items.json?category=41&alpha=l&page=1
2219,https://secure.runescape.com/m=itemdb_rs/api/catalogue/items.json?category=41&alpha=m&page=1
2220,https://secure.runescape.com/m=itemdb_rs/api/catalogue/items.json?category=41&alpha=o&page=1
2221,https://secure.runescape.com/m=itemdb_rs/api/catalogue/items.json?category=41&alpha=q&page=1
2222,https://secure.runescape.com/m=itemdb_rs/api/catalogue/items.json?category=41&alpha=s&page=1
2223,https://secure.runescape.com/m=itemdb_rs/api/catalogue/items.json?category=41&alpha=t&page=1
2224,https://secure.runescape.com/m=itemdb_rs/api/catalogue/items.json?category=41&alpha=v&page=1
2225,https://secure.runescape.com/m=itemdb_rs/api/catalogue/items.json?category=41&alpha=w&page=1
2226,https://secure.runescape.com/m=itemdb_rs/api/catalogue/items.json?category=41&alpha=y&page=1
2227,https://secure.runescape.com/m=itemdb_rs/api/catalogue/items.json?category=41&alpha=z&page=1
2228,https://secure.runescape.com/m=itemdb_rs/api/catalogue/items.json?category=42&alpha=a&page=1
2229,https://secure.runescape.com/m=itemdb_rs/api/catalogue/items.json?category=42&alpha=b&page=1
2230,https://secure.runescape.com/m=itemdb_rs/api/catalogue/items.json?category=42&alpha=c&page=1
2231,https://secure.runescape.com/m=itemdb_rs/api/catalogue/items.json?category=42&alpha=d&page=1
2232,https://secure.runescape.com/m=itemdb_rs/api/catalogue/items.json?category=42&alpha=e&page=1
2233,https://secure.runescape.com/m=itemdb_rs/api/catalogue/items.json?category=42&alpha=f&page=1
2234,https://secure.runescape.com/m=itemdb_rs/api/catalogue/items.json?category=42&alpha=g&page=1
2235,https://secure.runescape.com/m=itemdb_rs/api/catalogue/items.json?category=42&alpha=h&page=1
2236,https://secure.runescape.com/m=itemdb_rs/api/catalogue/items.json?category=42&alpha=i&page=1
2237,https://secure.runescape.com/m=itemdb_rs/api/catalogue/items.json?category=42&alpha=k&page=1
2238,https://secure.runescape.com/m=itemdb_rs/api/catalogue/items.json?category=42&alpha=l&page=1
2239,https://secure.runescape.com/m=itemdb_rs/api/catalogue/items.json?category=42&alpha=m&page=1
2240,https://secure.runescape.com/m=itemdb_rs/api/catalogue/items.json?category=42&alpha=o&page=1
2241,https://secure.runescape.com/m=itemdb_rs/api/catalogue/items.json?category=42&alpha=q&page=1
2242,https://secure.runescape.com/m=itemdb_rs/api/catalogue/items.json?category=42&alpha=s&page=1
2243,https://secure.runescape.com/m=itemdb_rs/api/catalogue/items.json?category=42&alpha=t&page=1
2244,https://secure.runescape.com/m=itemdb_rs/api/catalogue/items.json?category=42&alpha=v&page=1
2245,https://secure.runescape.com/m=itemdb_rs/api/catalogue/items.json?category=42&alpha=w&page=1
2246,https://secure.runescape.com/m=itemdb_rs/api/catalogue/items.json?category=42&alpha=y&page=1
2247,https://secure.runescape.com/m=itemdb_rs/api/catalogue/items.json?category=42&alpha=z&page=1
